;id;Landkreis;Einwohner_pro_qkm;Bevölkerung;anteil_bevölkerung_0_bis_44;arbeitslosenqoute;pkw_bestand_je_tsd_einwohner;bip_je_erwerbstätigen;krankenhausbetten_je_tsd_einwohner
0;1001;Flensburg, Stadt;1701;90164;0.541;0.08;489.6;62665.0;9.8
1;1002;Kiel, Landeshauptstadt;2080;246794;0.5569999999999999;0.076;445.0;67116.0;10.1
2;1003;Lübeck, Hansestadt;1011;216530;0.485;0.073;453.4;68377.0;9.1
3;1004;Neumünster, Stadt;1119;80196;0.4899999999999999;0.079;527.8;62247.0;8.7
4;1051;Dithmarschen;93;133193;0.44099999999999995;0.055;605.7;72256.0;4.9
5;1053;Herzogtum Lauenburg;157;198019;0.46399999999999997;0.047;587.8;63538.0;3.1
6;1054;Nordfriesland;80;165951;0.44799999999999995;0.048;614.9;64108.0;4.0
7;1055;Ostholstein;144;200539;0.402;0.05;620.1;57164.0;8.4
8;1056;Pinneberg;476;316103;0.473;0.045;556.2;69697.0;2.8
9;1057;Plön;119;128686;0.4169999999999999;0.04;615.5;61887.0;2.2
10;1058;Rendsburg-Eckernförde;125;274098;0.447;0.039;626.2;67782.0;3.5
11;1059;Schleswig-Flensburg;97;201156;0.451;0.043;628.6;63038.0;3.6
12;1060;Segeberg;206;277175;0.475;0.04;597.9;69666.0;6.1
13;1061;Steinburg;124;131013;0.44799999999999995;0.051;612.2;74751.0;4.6
14;1062;Stormarn;319;244156;0.45799999999999985;0.031;617.0;70641.0;4.5
15;2000;Hamburg, Freie und Hansestadt;2446;1847253;0.5549999999999999;0.061;431.6;69023.04488778055;6.9
16;3101;Braunschweig, Stadt;1294;249406;0.524;0.049;582.9;72974.0;7.8
17;3102;Salzgitter, Stadt;465;104291;0.492;0.088;523.6;98476.0;4.3
18;3103;Wolfsburg, Stadt;608;124371;0.5049999999999999;0.045;1110.4;163592.0;4.4
19;3151;Gifhorn;113;176523;0.482;0.04;600.0;66299.0;2.4
20;3153;Goslar;141;136292;0.42100000000000004;0.059;580.7;65669.0;7.5
21;3154;Helmstedt;135;91297;0.451;0.0579999999999999;601.8;59932.0;9.2
22;3155;Northeim;104;132285;0.427;0.051;652.7;63495.0;3.5
23;3157;Peine;251;134801;0.47199999999999986;0.044;616.5;62453.0;2.2
24;3158;Wolfenbüttel;165;119622;0.44199999999999995;0.044;615.0;66016.0;2.5
25;3159;Göttingen;186;326041;0.485;0.053;554.2;66000.0;10.4
26;3241;Region Hannover;504;1157115;0.504;0.064;499.8;75896.0;6.1
27;3251;Diepholz;109;217089;0.45799999999999974;0.039;636.8;67051.0;2.3
28;3252;Hameln-Pyrmont;186;148549;0.437;0.061;611.5;70851.0;7.6
29;3254;Hildesheim;228;275817;0.4619999999999999;0.057;575.0;61556.0;6.3
30;3255;Holzminden;101;70458;0.42799999999999994;0.063;626.0;73707.0;2.9
31;3256;Nienburg (Weser);87;121390;0.46099999999999985;0.048;627.0;66413.0;2.9
32;3257;Schaumburg;234;157820;0.43899999999999995;0.053;631.0;62163.0;3.4
33;3351;Celle;115;179011;0.46699999999999986;0.057;603.2;64342.0;3.9
34;3352;Cuxhaven;96;198038;0.434;0.052;625.0;61835.0;3.3
35;3353;Harburg;204;254431;0.46299999999999997;0.037;645.8;63842.0;3.0
36;3354;Lüchow-Dannenberg;39;48412;0.405;0.073;626.3;59673.0;2.4
37;3355;Lüneburg;139;184139;0.497;0.053;562.3;60326.0;4.9
38;3356;Osterholz;175;113928;0.445;0.033;627.9;58559.0;2.1
39;3357;Rotenburg (Wümme);79;163782;0.475;0.036;675.3;66626.0;6.2
40;3358;Heidekreis;75;140673;0.47099999999999986;0.053;619.6;63605.0;3.5
41;3359;Stade;161;204512;0.4859999999999999;0.05;605.0;69986.0;4.6
42;3360;Uelzen;63;92389;0.42799999999999994;0.05;604.1;61363.0;8.7
43;3361;Verden;174;137133;0.47;0.04;624.7;66774.0;1.9
44;3401;Delmenhorst, Stadt;1242;77559;0.492;0.094;539.7;52841.0;4.1
45;3402;Emden, Stadt;444;49913;0.504;0.0819999999999999;485.3;82938.0;8.3
46;3403;Oldenburg (Oldenburg), Stadt;1640;169077;0.5369999999999999;0.061;522.0;65550.0;10.3
47;3404;Osnabrück, Stadt;1379;165251;0.556;0.066;508.1;64517.0;12.9
48;3405;Wilhelmshaven, Stadt;711;76089;0.46399999999999986;0.103;523.0;68374.0;7.8
49;3451;Ammerland;171;124859;0.46199999999999997;0.036;633.4;62412.0;7.0
50;3452;Aurich;147;189694;0.45499999999999985;0.063;605.7;59654.0;3.7
51;3453;Cloppenburg;120;170682;0.5459999999999999;0.039;580.6;62743.0;2.9
52;3454;Emsland;113;326954;0.5099999999999999;0.024;604.2;72013.0;5.5
53;3455;Friesland;162;98704;0.42800000000000005;0.043;657.2;63506.0;5.2
54;3456;Grafschaft Bentheim;140;137162;0.489;0.025;605.1;60200.0;4.4
55;3457;Leer;157;170756;0.482;0.052;595.9;65206.0;4.2
56;3458;Oldenburg;123;130890;0.46399999999999997;0.031;630.9;60366.0;1.8
57;3459;Osnabrück;169;358080;0.484;0.0289999999999999;633.7;63752.0;4.6
58;3460;Vechta;175;142814;0.5489999999999999;0.034;605.3;65372.0;6.2
59;3461;Wesermarsch;107;88583;0.44699999999999995;0.0579999999999999;595.9;80808.0;2.4
60;3462;Wittmund;87;56926;0.43999999999999995;0.054;623.6;58084.0;2.9
61;4011;Bremen, Stadt;1786;567559;0.519;0.095;425.9;79759.0;7.1
62;4012;Bremerhaven, Stadt;1119;113643;0.503;0.122;440.3;60322.0;8.9
63;5111;Düsseldorf, Stadt;2860;621877;0.536;0.066;501.6;91568.0;8.2
64;5112;Duisburg, Stadt;2142;498686;0.5109999999999999;0.108;460.5;77215.0;9.3
65;5113;Essen, Stadt;2771;582760;0.505;0.102;493.7;74404.0;9.7
66;5114;Krefeld, Stadt;1651;227417;0.483;0.1009999999999999;521.4;74066.0;9.2
67;5116;Mönchengladbach, Stadt;1531;261034;0.4959999999999999;0.09;525.3;65135.0;8.1
68;5117;Mülheim an der Ruhr, Stadt;1869;170632;0.465;0.071;544.3;73178.0;5.4
69;5119;Oberhausen, Stadt;2734;210764;0.482;0.098;522.9;60008.0;6.9
70;5120;Remscheid, Stadt;1494;111338;0.47699999999999987;0.07;552.7;65376.0;9.2
71;5122;Solingen, Klingenstadt;1778;159245;0.484;0.071;581.0;68595.0;6.6
72;5124;Wuppertal, Stadt;2109;355100;0.51;0.081;484.5;74314.0;5.9
73;5154;Kleve;253;312465;0.482;0.052;612.5;62800.0;5.4
74;5158;Mettmann;1192;485570;0.4529999999999998;0.0559999999999999;605.2;78364.0;4.6
75;5162;Rhein-Kreis Neuss;784;451730;0.472;0.05;601.5;89661.0;4.4
76;5166;Viersen;531;298863;0.453;0.053;623.8;65150.0;4.7
77;5170;Wesel;441;459976;0.448;0.059;615.1;65268.0;5.5
78;5314;Bonn, Stadt;2337;329673;0.558;0.063;534.7;94325.0;12.8
79;5315;Köln, Stadt;2686;1087863;0.5589999999999999;0.078;444.7;84530.0;6.6
80;5316;Leverkusen, Stadt;2076;163729;0.487;0.072;546.9;100105.0;6.6
81;5334;Städteregion Aachen;788;557026;0.521;0.069;522.5;67807.0;6.9
82;5358;Düren;281;264638;0.47999999999999987;0.063;606.3;62699.0;6.8
83;5362;Rhein-Erft-Kreis;668;470615;0.481;0.057;589.0;85095.0;3.1
84;5366;Euskirchen;155;193656;0.46299999999999975;0.049;665.7;62816.0;5.7
85;5370;Heinsberg;407;255555;0.47399999999999987;0.05;620.8;60351.0;3.8
86;5374;Oberbergischer Kreis;296;272057;0.47899999999999987;0.049;644.4;67841.0;5.7
87;5378;Rheinisch-Bergischer Kreis;648;283271;0.449;0.052;630.1;65081.0;4.1
88;5382;Rhein-Sieg-Kreis;521;600764;0.47699999999999987;0.048;604.3;70201.0;2.4
89;5512;Bottrop, Stadt;1169;117565;0.46399999999999997;0.07;576.2;53825.0;6.0
90;5513;Gelsenkirchen, Stadt;2474;259645;0.506;0.128;466.5;68200.0;6.8
91;5515;Münster, Stadt;1040;315293;0.5760000000000001;0.046;463.5;78383.0;11.9
92;5554;Borken;261;371339;0.502;0.034;596.4;65264.0;5.1
93;5558;Coesfeld;198;220586;0.472;0.027;627.2;63773.0;3.9
94;5562;Recklinghausen;807;614137;0.45899999999999996;0.081;568.9;64053.0;7.9
95;5566;Steinfurt;250;448220;0.491;0.04;600.7;63641.0;4.6
96;5570;Warendorf;211;277840;0.479;0.046;610.1;66123.0;4.8
97;5711;Bielefeld, Stadt;1291;334195;0.53;0.073;506.6;63487.0;11.9
98;5754;Gütersloh;377;364938;0.499;0.04;619.1;75924.0;3.9
99;5758;Herford;556;250578;0.47199999999999986;0.051;639.5;67135.0;4.3
100;5762;Höxter;117;140251;0.45799999999999996;0.037;626.5;61465.0;7.5
101;5766;Lippe;279;347514;0.477;0.0579999999999999;613.9;65522.0;4.0
102;5770;Minden-Lübbecke;269;310409;0.475;0.047;641.7;75210.0;7.6
103;5774;Paderborn;247;307839;0.532;0.05;584.5;67171.0;5.7
104;5911;Bochum, Stadt;2510;365587;0.5;0.085;540.6;63703.0;9.3
105;5913;Dortmund, Stadt;2096;588250;0.5159999999999999;0.1009999999999999;488.0;68403.0;6.7
106;5914;Hagen, Stadt der FernUniversität;1176;188686;0.489;0.1;516.0;64951.0;8.5
107;5915;Hamm, Stadt;795;179916;0.506;0.081;535.6;61724.0;10.0
108;5916;Herne, Stadt;3043;156449;0.486;0.103;490.0;58505.0;10.6
109;5954;Ennepe-Ruhr-Kreis;791;324106;0.45;0.055;604.7;67500.0;5.9
110;5958;Hochsauerlandkreis;133;259777;0.46199999999999974;0.04;631.2;63521.0;8.0
111;5962;Märkischer Kreis;387;410222;0.46799999999999997;0.062;608.0;70626.0;6.9
112;5966;Olpe;188;133955;0.48099999999999987;0.033;655.9;70185.0;6.3
113;5970;Siegen-Wittgenstein;244;276944;0.4899999999999999;0.045;625.5;71248.0;7.2
114;5974;Soest;227;301785;0.475;0.05;620.2;68624.0;6.7
115;5978;Unna;727;394891;0.46099999999999997;0.068;599.1;66649.0;6.7
116;6411;Darmstadt, Wissenschaftsstadt;1310;159878;0.5840000000000001;0.05;456.9;91979.0;9.8
117;6412;Frankfurt am Main, Stadt;3074;763380;0.5839999999999999;0.05;446.7;98681.0;8.0
118;6413;Offenbach am Main, Stadt;2903;130280;0.575;0.086;434.8;68641.0;9.5
119;6414;Wiesbaden, Landeshauptstadt;1366;278474;0.521;0.063;521.7;95698.0;7.1
120;6431;Bergstraße;376;270340;0.4619999999999999;0.035;633.8;74352.0;3.5
121;6432;Darmstadt-Dieburg;452;297844;0.484;0.043;625.5;75991.0;1.4
122;6433;Groß-Gerau;609;275726;0.52;0.047;633.5;97745.0;3.8
123;6434;Hochtaunuskreis;492;236914;0.46699999999999986;0.034;704.6;89005.0;5.2
124;6435;Main-Kinzig-Kreis;301;420552;0.481;0.0409999999999999;606.7;78207.0;4.3
125;6436;Main-Taunus-Kreis;1072;238558;0.489;0.033;793.7;101190.0;2.9
126;6437;Odenwaldkreis;155;96703;0.44899999999999995;0.044;637.6;65322.0;4.9
127;6438;Offenbach;999;355813;0.494;0.04;599.9;92019.0;2.0
128;6439;Rheingau-Taunus-Kreis;231;187160;0.45299999999999985;0.039;642.7;68157.0;3.5
129;6440;Wetteraukreis;280;308339;0.48099999999999987;0.038;614.6;72575.0;4.5
130;6531;Gießen;317;270688;0.533;0.053;562.3;67335.0;9.0
131;6532;Lahn-Dill-Kreis;238;253319;0.47199999999999986;0.048;634.4;66922.0;7.0
132;6533;Limburg-Weilburg;233;171912;0.472;0.04;639.3;66557.0;6.0
133;6534;Marburg-Biedenkopf;196;247084;0.522;0.037;569.7;69354.0;6.3
134;6535;Vogelsbergkreis;72;105643;0.432;0.037;669.7;62497.0;6.6
135;6611;Kassel, documenta-Stadt;1893;202137;0.5439999999999998;0.073;443.2;67394.0;13.5
136;6631;Fulda;162;223145;0.4919999999999999;0.027;627.9;64904.0;7.0
137;6632;Hersfeld-Rotenburg;110;120719;0.452;0.036;643.0;66760.0;8.6
138;6633;Kassel;183;236764;0.438;0.036;621.9;75807.0;3.6
139;6634;Schwalm-Eder-Kreis;117;179673;0.45;0.032;648.8;69507.0;3.6
140;6635;Waldeck-Frankenberg;85;156406;0.45299999999999996;0.034;656.8;67056.0;10.9
141;6636;Werra-Meißner-Kreis;98;100629;0.43099999999999994;0.047;614.4;59922.0;5.8
142;7111;Koblenz, kreisfreie Stadt;1084;114052;0.5269999999999999;0.055;545.2;74748.0;17.1
143;7131;Ahrweiler;165;130086;0.44199999999999995;0.034;648.0;62499.0;5.9
144;7132;Altenkirchen (Westerwald);201;128805;0.46399999999999997;0.042;641.1;63371.0;3.0
145;7133;Bad Kreuznach;183;158345;0.455;0.055;622.5;64778.0;6.1
146;7134;Birkenfeld;104;80951;0.44799999999999984;0.0559999999999999;639.8;62414.0;8.3
147;7135;Cochem-Zell;89;61375;0.43;0.03;662.1;60707.0;6.9
148;7137;Mayen-Koblenz;262;214434;0.46999999999999975;0.031;637.8;69266.0;3.5
149;7138;Neuwied;292;182811;0.46799999999999986;0.046;646.5;68463.0;8.8
150;7140;Rhein-Hunsrück-Kreis;104;103163;0.4539999999999999;0.032;670.4;65338.0;4.3
151;7141;Rhein-Lahn-Kreis;156;122297;0.449;0.0279999999999999;646.6;64426.0;8.3
152;7143;Westerwaldkreis;204;201904;0.4699999999999999;0.0279999999999999;665.7;71000.0;2.7
153;7211;Trier, kreisfreie Stadt;953;111528;0.571;0.049;469.2;59740.0;14.3
154;7231;Bernkastel-Wittlich;96;112483;0.455;0.03;655.8;63453.0;4.4
155;7232;Eifelkreis Bitburg-Prüm;61;99058;0.47899999999999987;0.024;658.7;66115.0;6.1
156;7233;Vulkaneifel;67;60646;0.436;0.037;668.4;62966.0;3.8
157;7235;Trier-Saarburg;136;149398;0.473;0.026;656.2;61728.0;2.3
158;7311;Frankenthal (Pfalz), kreisfreie Stadt;1111;48762;0.491;0.067;549.0;70404.0;6.5
159;7312;Kaiserslautern, kreisfreie Stadt;716;100030;0.533;0.086;490.1;67337.0;11.7
160;7313;Landau in der Pfalz, kreisfreie Stadt;565;46881;0.529;0.047;583.6;59997.0;18.3
161;7314;Ludwigshafen am Rhein, kreisfreie Stadt;2225;172253;0.5389999999999999;0.081;480.6;112656.0;12.2
162;7315;Mainz, kreisfreie Stadt;2237;218578;0.5820000000000001;0.053;457.8;76163.0;10.4
163;7316;Neustadt an der Weinstraße, kreisfreie Stadt;455;53264;0.4499999999999999;0.051;611.0;58450.0;6.8
164;7317;Pirmasens, kreisfreie Stadt;656;40231;0.44699999999999995;0.107;563.0;56371.0;11.1
165;7318;Speyer, kreisfreie Stadt;1184;50561;0.469;0.057;576.8;66211.0;12.8
166;7319;Worms, kreisfreie Stadt;768;83542;0.511;0.066;544.4;69669.0;8.4
167;7320;Zweibrücken, kreisfreie Stadt;484;34193;0.48;0.059;609.1;73479.0;6.326932668329178
168;7331;Alzey-Worms;221;129687;0.47499999999999987;0.036;648.8;68912.0;4.6
169;7332;Bad Dürkheim;223;132671;0.43;0.035;674.5;63695.0;3.8
170;7333;Donnersbergkreis;117;75325;0.4559999999999999;0.046;655.8;73567.0;2.7
171;7334;Germersheim;278;129013;0.488;0.038;634.2;79460.0;2.5
172;7335;Kaiserslautern;166;105979;0.471;0.048;638.3;63927.0;5.0
173;7336;Kusel;122;70219;0.435;0.042;667.5;61585.0;6.326932668329178
174;7337;Südliche Weinstraße;173;110521;0.441;0.035;686.1;63366.0;6.4
175;7338;Rhein-Pfalz-Kreis;507;154609;0.4599999999999999;0.034;653.1;63989.0;6.326932668329178
176;7339;Mainz-Bingen;349;211417;0.469;0.034;658.9;92270.0;1.6
177;7340;Südwestpfalz;99;94831;0.413;0.037;698.6;65134.0;2.2
178;8111;Stuttgart, Stadtkreis;3067;635911;0.5680000000000001;0.0409999999999999;475.4;101246.0;7.9
179;8115;Böblingen;636;392807;0.513;0.0279999999999999;646.0;109283.0;2.8
180;8116;Esslingen;834;535024;0.5039999999999999;0.032;617.6;78441.0;3.6
181;8117;Göppingen;402;258145;0.487;0.035;636.6;70280.0;4.9
182;8118;Ludwigsburg;794;545423;0.511;0.0279999999999999;605.7;94114.0;3.2
183;8119;Rems-Murr-Kreis;498;427248;0.489;0.031;614.9;71952.0;3.1
184;8121;Heilbronn, Stadtkreis;1267;126592;0.543;0.047;529.6;67808.0;8.2
185;8125;Heilbronn;313;344456;0.505;0.0279999999999999;703.8;95681.0;3.6
186;8126;Hohenlohekreis;145;112655;0.501;0.024;732.0;76662.0;2.5
187;8127;Schwäbisch Hall;133;196761;0.508;0.027;648.0;70627.0;3.8
188;8128;Main-Tauber-Kreis;102;132399;0.46799999999999986;0.026;666.3;65393.0;7.8
189;8135;Heidenheim;212;132777;0.49;0.038;622.7;72161.0;4.1
190;8136;Ostalbkreis;208;314025;0.4959999999999999;0.0279999999999999;645.9;78856.0;3.4
191;8211;Baden-Baden, Stadtkreis;394;55185;0.442;0.043;625.4;67986.0;14.6
192;8212;Karlsruhe, Stadtkreis;1799;312060;0.5569999999999999;0.039;449.4;82321.0;8.6
193;8215;Karlsruhe;410;445101;0.48099999999999987;0.0279999999999999;621.4;77931.0;2.1
194;8216;Rastatt;313;231420;0.47299999999999986;0.0289999999999999;648.9;84426.0;1.9
195;8221;Heidelberg, Stadtkreis;1484;161485;0.609;0.04;376.8;71862.0;18.8
196;8222;Mannheim, Stadtkreis;2143;310658;0.5529999999999999;0.053;488.2;82727.0;7.7
197;8225;Neckar-Odenwald-Kreis;128;143633;0.469;0.03;646.6;67957.0;3.5
198;8226;Rhein-Neckar-Kreis;517;548355;0.48099999999999987;0.035;637.3;77919.0;2.8
199;8231;Pforzheim, Stadtkreis;1285;125957;0.5349999999999999;0.0559999999999999;488.1;65650.0;9.7
200;8235;Calw;200;159201;0.485;0.0289999999999999;650.6;67673.0;7.9
201;8236;Enzkreis;348;199556;0.47999999999999987;0.023;655.8;71502.0;1.6
202;8237;Freudenstadt;136;118243;0.485;0.0279999999999999;642.1;72645.0;4.1
203;8311;Freiburg im Breisgau, Stadtkreis;1511;231195;0.591;0.049;401.2;66022.0;9.8
204;8315;Breisgau-Hochschwarzwald;191;263601;0.48;0.027;596.4;64472.0;5.1
205;8316;Emmendingen;245;166408;0.482;0.025;602.1;69292.0;6.2
206;8317;Ortenaukreis;232;430953;0.488;0.0289999999999999;624.5;69700.0;5.3
207;8325;Rottweil;182;139878;0.4859999999999999;0.023;662.8;78470.0;6.0
208;8326;Schwarzwald-Baar-Kreis;207;212506;0.4879999999999999;0.03;611.4;67178.0;6.1
209;8327;Tuttlingen;192;140766;0.517;0.027;621.9;76411.0;2.6
210;8335;Konstanz;350;286305;0.5049999999999998;0.031;555.2;66433.0;5.8
211;8336;Lörrach;284;228736;0.49;0.034;592.4;70209.0;3.7
212;8337;Waldshut;151;171003;0.489;0.0289999999999999;620.9;66780.0;4.2
213;8415;Reutlingen;263;287034;0.496;0.033;619.3;73350.0;4.4
214;8416;Tübingen;441;228678;0.554;0.026;545.0;66627.0;8.6
215;8417;Zollernalbkreis;206;189363;0.47199999999999986;0.032;668.6;70378.0;2.9
216;8421;Ulm, Stadtkreis;1068;126790;0.5640000000000001;0.033;524.1;76650.0;12.2
217;8425;Alb-Donau-Kreis;145;197076;0.508;0.023;640.4;74434.0;2.2
218;8426;Biberach;143;201282;0.518;0.02;643.7;90353.0;4.0
219;8435;Bodenseekreis;327;217470;0.47899999999999987;0.023;628.8;89038.0;3.5
220;8436;Ravensburg;175;285424;0.508;0.024;620.8;74034.0;6.1
221;8437;Sigmaringen;109;130849;0.489;0.027;646.9;68838.0;5.1
222;9161;Ingolstadt;1030;137392;0.5519999999999998;0.0289999999999999;715.1;135780.0;9.6
223;9162;München, Landeshauptstadt;4777;1484226;0.575;0.035;493.2;103335.0;7.7
224;9163;Rosenheim;1707;63551;0.5329999999999999;0.039;544.5;65574.0;12.1
225;9171;Altötting;196;111516;0.481;0.0279999999999999;626.1;88044.0;5.3
226;9172;Berchtesgadener Land;126;105929;0.479;0.033;607.1;63642.0;6.4
227;9173;Bad Tölz-Wolfratshausen;115;127917;0.485;0.021;620.9;64773.0;5.1
228;9174;Dachau;267;154899;0.519;0.018;592.2;70448.0;3.0
229;9175;Ebersberg;261;143649;0.515;0.018;586.4;77920.0;2.3
230;9176;Eichstätt;109;132881;0.53;0.013;623.4;77944.0;3.5
231;9177;Erding;159;138182;0.518;0.018;636.3;69012.0;3.1
232;9178;Freising;225;180007;0.548;0.02;598.3;78798.0;2.0
233;9179;Fürstenfeldbruck;504;219311;0.494;0.025;555.1;72266.0;1.7
234;9180;Garmisch-Partenkirchen;87;88424;0.45199999999999985;0.027;581.8;57079.0;15.8
235;9181;Landsberg am Lech;150;120302;0.4859999999999999;0.022;667.4;70958.0;4.0
236;9182;Miesbach;115;100010;0.46899999999999986;0.022;650.9;67137.0;4.6
237;9183;Mühldorf a.Inn;144;115872;0.499;0.03;632.0;69030.0;3.1
238;9184;München;528;350473;0.511;0.022;703.8;133330.0;3.9
239;9185;Neuburg-Schrobenhausen;132;97303;0.508;0.019;662.3;77335.0;4.7
240;9186;Pfaffenhofen a.d.Ilm;168;128227;0.518;0.016;646.0;101552.0;2.6
241;9187;Rosenheim;182;261330;0.481;0.022;645.0;68026.0;10.3
242;9188;Starnberg;280;136667;0.46599999999999997;0.024;633.2;89546.0;8.9
243;9189;Traunstein;116;177319;0.472;0.026;644.6;74197.0;5.3
244;9190;Weilheim-Schongau;140;135478;0.478;0.021;639.5;75452.0;3.2
245;9261;Landshut;1115;73411;0.5249999999999999;0.042;510.0;71769.0;18.0
246;9262;Passau;759;52803;0.5369999999999999;0.042;532.9;65240.0;14.1
247;9263;Straubing;707;47791;0.495;0.045;565.5;60786.0;9.5
248;9271;Deggendorf;139;119478;0.487;0.026;643.1;67171.0;11.1
249;9272;Freyung-Grafenau;80;78362;0.45199999999999996;0.025;660.6;60676.0;5.2
250;9273;Kelheim;116;123058;0.512;0.023;644.5;71133.0;3.3
251;9274;Landshut;119;159895;0.502;0.025;668.3;82608.0;1.2
252;9275;Passau;126;192656;0.46499999999999986;0.0279999999999999;652.6;64130.0;3.5
253;9276;Regen;79;77410;0.46099999999999985;0.031;632.1;60680.0;4.1
254;9277;Rottal-Inn;95;121502;0.479;0.03;673.0;66049.0;5.3
255;9278;Straubing-Bogen;84;101120;0.487;0.024;669.1;66912.0;3.9
256;9279;Dingolfing-Landau;110;96683;0.501;0.0289999999999999;700.1;100560.0;1.3
257;9361;Amberg;842;42207;0.474;0.042;589.8;66212.0;13.4
258;9362;Regensburg;1893;153094;0.5840000000000001;0.034;584.3;85263.0;18.6
259;9363;Weiden i.d.OPf.;606;42743;0.478;0.052;611.1;56544.0;16.6
260;9371;Amberg-Sulzbach;82;103049;0.46299999999999997;0.023;670.3;69744.0;1.9
261;9372;Cham;84;127998;0.472;0.025;678.9;62275.0;5.4
262;9373;Neumarkt i.d.OPf.;100;134573;0.496;0.017;652.2;76810.0;4.0
263;9374;Neustadt a.d.Waldnaab;66;94450;0.46699999999999997;0.0279999999999999;678.0;72448.0;2.0
264;9375;Regensburg;139;194070;0.49;0.019;641.6;71218.0;1.3
265;9376;Schwandorf;101;147872;0.483;0.0279999999999999;667.9;69495.0;3.7
266;9377;Tirschenreuth;66;72046;0.44999999999999996;0.03;666.0;71569.0;4.0
267;9461;Bamberg;1417;77373;0.5489999999999999;0.038;520.1;62356.0;13.2
268;9462;Bayreuth;1118;74783;0.5339999999999999;0.042;524.9;71911.0;18.6
269;9463;Coburg;851;41072;0.477;0.049;602.9;88589.0;12.4
270;9464;Hof;790;45825;0.477;0.0559999999999999;544.9;56156.0;10.0
271;9471;Bamberg;126;147163;0.486;0.021;676.9;70196.0;2.1
272;9472;Bayreuth;81;103664;0.449;0.026;679.2;64346.0;1.1
273;9473;Coburg;147;86747;0.4469999999999999;0.031;664.9;63391.0;1.1
274;9474;Forchheim;181;116203;0.478;0.024;661.2;76769.0;2.7
275;9475;Hof;106;94801;0.416;0.0289999999999999;658.7;67067.0;6.4
276;9476;Kronach;102;66743;0.42100000000000004;0.032;669.1;63850.0;4.2
277;9477;Kulmbach;109;71566;0.429;0.033;680.2;66883.0;8.0
278;9478;Lichtenfels;128;66776;0.45199999999999996;0.034;657.5;62633.0;11.5
279;9479;Wunsiedel i.Fichtelgebirge;120;72655;0.42;0.043;636.6;62922.0;5.6
280;9561;Ansbach;418;41798;0.4999999999999998;0.036;600.6;65972.0;29.4
281;9562;Erlangen;1462;112528;0.5740000000000001;0.035;490.0;92035.0;19.8
282;9563;Fürth;2028;128497;0.524;0.048;489.1;72319.0;6.7
283;9564;Nürnberg;2780;518370;0.5329999999999999;0.052;472.3;76836.0;6.9
284;9565;Schwabach;1004;40981;0.482;0.032;634.6;66360.0;4.2
285;9571;Ansbach;94;184591;0.489;0.022;664.4;66965.0;0.8
286;9572;Erlangen-Höchstadt;243;137262;0.486;0.018;662.7;71746.0;1.0
287;9573;Fürth;383;117853;0.462;0.025;644.0;74563.0;6.326932668329178
288;9574;Nürnberger Land;214;170792;0.464;0.023;638.3;70427.0;5.7
289;9575;Neustadt a.d.Aisch-Bad Windsheim;80;101014;0.479;0.018;655.0;62256.0;4.8
290;9576;Roth;142;126749;0.47399999999999987;0.02;669.2;66053.0;2.1
291;9577;Weißenburg-Gunzenhausen;98;94734;0.475;0.0289999999999999;646.3;64371.0;4.5
292;9661;Aschaffenburg;1137;71002;0.504;0.049;634.5;79566.0;13.5
293;9662;Schweinfurt;1497;53426;0.496;0.061;521.1;85214.0;17.6
294;9663;Würzburg;1460;127934;0.565;0.034;499.8;63137.0;18.8
295;9671;Aschaffenburg;249;174200;0.464;0.026;664.3;80189.0;0.2
296;9672;Bad Kissingen;91;103235;0.439;0.03;671.1;61842.0;7.9
297;9673;Rhön-Grabfeld;78;79635;0.46099999999999974;0.025;671.2;72569.0;13.8
298;9674;Haßberge;88;84384;0.46799999999999986;0.026;676.0;64891.0;2.8
299;9675;Kitzingen;133;91155;0.4819999999999999;0.021;665.7;70021.0;2.7
300;9676;Miltenberg;180;128743;0.46899999999999986;0.0279999999999999;648.5;73580.0;2.2
301;9677;Main-Spessart;95;126158;0.445;0.018;667.0;72932.0;5.3
302;9678;Schweinfurt;137;115445;0.46799999999999986;0.023;672.3;67912.0;5.1
303;9679;Würzburg;168;162302;0.47699999999999987;0.019;647.5;80762.0;0.9
304;9761;Augsburg;2019;296582;0.5489999999999999;0.049;461.2;70719.0;10.0
305;9762;Kaufbeuren;1109;44398;0.49;0.039;559.2;63974.0;14.1
306;9763;Kempten (Allgäu);1093;69151;0.516;0.032;562.6;75730.0;8.8
307;9764;Memmingen;629;44100;0.498;0.032;590.5;67868.0;12.5
308;9771;Aichach-Friedberg;173;134655;0.495;0.021;637.1;64912.0;2.1
309;9772;Augsburg;237;253468;0.491;0.024;645.7;69885.0;1.2
310;9773;Dillingen a.d.Donau;122;96562;0.49;0.018;662.9;70295.0;3.3
311;9774;Günzburg;167;127027;0.501;0.019;655.4;78379.0;8.4
312;9775;Neu-Ulm;340;175204;0.507;0.022;620.0;75100.0;2.4
313;9776;Lindau (Bodensee);254;81981;0.46999999999999975;0.023;631.5;67962.0;7.5
314;9777;Ostallgäu;101;141182;0.488;0.022;639.3;71138.0;3.8
315;9778;Unterallgäu;118;145341;0.49;0.018;670.1;75272.0;3.0
316;9779;Donau-Ries;105;133783;0.497;0.016;673.1;82355.0;4.0
317;9780;Oberallgäu;102;156008;0.46799999999999975;0.022;637.9;65076.0;3.0
318;10041;Regionalverband Saarbrücken;800;328714;0.477;0.088;577.2;68898.0;7.8
319;10042;Merzig-Wadern;185;103243;0.445;0.042;679.3;63491.0;4.6
320;10043;Neunkirchen;526;131408;0.4359999999999999;0.067;646.6;63519.0;5.2
321;10044;Saarlouis;423;194319;0.444;0.048;676.1;67247.0;5.0
322;10045;Saarpfalz-Kreis;340;142196;0.4339999999999999;0.048;680.7;67094.0;10.4
323;10046;St. Wendel;183;87007;0.42;0.033;699.0;66524.0;2.8
324;11000;Berlin, Stadt;4118;3669491;0.5489999999999999;0.078;332.2;71433.0;5.7
325;12051;Brandenburg an der Havel, Stadt;314;72184;0.43799999999999994;0.081;474.8;55017.0;12.6
326;12052;Cottbus, Stadt;602;99678;0.45699999999999996;0.076;484.2;56291.0;11.8
327;12053;Frankfurt (Oder), Stadt;391;57751;0.44199999999999984;0.079;485.9;55360.0;16.3
328;12054;Potsdam, Stadt;958;180334;0.5469999999999999;0.054;421.0;63815.0;9.1
329;12060;Barnim;125;185244;0.43999999999999995;0.051;568.6;58895.0;6.5
330;12061;Dahme-Spreewald;75;170791;0.437;0.037;602.2;72495.0;6.1
331;12062;Elbe-Elster;54;101827;0.3789999999999999;0.06;618.6;57753.0;4.5
332;12063;Havelland;94;162996;0.4419999999999999;0.052;569.5;56341.0;3.0
333;12064;Märkisch-Oderland;91;195751;0.42400000000000004;0.054;592.6;58459.0;3.5
334;12065;Oberhavel;118;212914;0.439;0.049;570.2;71529.0;5.4
335;12066;Oberspreewald-Lausitz;89;109371;0.388;0.075;593.4;60923.0;4.6
336;12067;Oder-Spree;79;178803;0.40700000000000003;0.061;594.2;63112.0;7.7
337;12068;Ostprignitz-Ruppin;39;98861;0.40800000000000003;0.062;582.8;54846.0;11.5
338;12069;Potsdam-Mittelmark;84;216566;0.43599999999999994;0.04;588.4;60087.0;3.3
339;12070;Prignitz;36;76158;0.382;0.073;590.4;59793.0;4.7
340;12071;Spree-Neiße;69;113720;0.37;0.063;616.4;81560.0;4.3
341;12072;Teltow-Fläming;81;169997;0.45499999999999996;0.043;601.4;80056.0;3.0
342;12073;Uckermark;39;118947;0.387;0.108;569.1;70716.0;6.1
343;13003;Rostock;1153;209191;0.51;0.068;404.3;66735.0;7.3
344;13004;Schwerin;733;95653;0.47;0.086;455.7;56302.0;14.8
345;13071;Mecklenburgische Seenplatte;47;258074;0.41000000000000003;0.087;553.0;57512.0;6.3
346;13072;Landkreis Rostock;63;215794;0.42600000000000005;0.053;576.4;57904.0;3.7
347;13073;Vorpommern-Rügen;70;224702;0.41200000000000003;0.081;539.8;53253.0;5.0
348;13074;Nordwestmecklenburg;74;157322;0.4399999999999999;0.0579999999999999;567.7;58415.0;3.8
349;13075;Vorpommern-Greifswald;60;235623;0.432;0.086;525.9;54217.0;9.4
350;13076;Ludwigslust-Parchim;44;211779;0.42100000000000004;0.053;596.2;58919.0;4.5
351;14511;Chemnitz, Stadt;1114;246334;0.46799999999999997;0.065;506.9;58105.0;9.5
352;14521;Erzgebirgskreis;183;334948;0.4;0.044;598.5;51833.0;6.0
353;14522;Mittelsachsen;144;304099;0.41200000000000003;0.048;585.0;58179.0;4.3
354;14523;Vogtlandkreis;160;225997;0.3899999999999999;0.048;600.2;53846.0;7.5
355;14524;Zwickau;332;315002;0.403;0.045;582.6;62927.0;6.3
356;14612;Dresden, Stadt;1695;556780;0.5509999999999999;0.0559999999999999;408.0;64931.0;7.0
357;14625;Bautzen;125;299758;0.41000000000000003;0.05;597.3;54163.0;5.6
358;14626;Görlitz;120;252725;0.391;0.078;560.7;57914.0;7.1
359;14627;Meißen;166;241717;0.41400000000000003;0.053;564.5;59718.0;4.9
360;14628;Sächsische Schweiz-Osterzgebirge;148;245586;0.42600000000000005;0.045;575.9;55194.0;5.2
361;14713;Leipzig, Stadt;1992;593145;0.5700000000000001;0.063;386.7;61629.0;6.9
362;14729;Leipzig;156;258139;0.41400000000000003;0.05;589.0;65048.0;4.4
363;14730;Nordsachsen;97;197741;0.42000000000000004;0.062;579.1;57918.0;7.2
364;15001;Dessau-Roßlau, Stadt;327;80103;0.382;0.077;518.6;59183.0;11.6
365;15002;Halle (Saale), Stadt;1768;238762;0.513;0.0819999999999999;392.5;55805.0;12.4
366;15003;Magdeburg, Landeshauptstadt;1182;237565;0.499;0.083;465.3;58221.0;9.9
367;15081;Altmarkkreis Salzwedel;36;83173;0.41700000000000004;0.064;603.1;55215.0;4.9
368;15082;Anhalt-Bitterfeld;109;158486;0.391;0.071;578.7;65181.0;4.9
369;15083;Börde;72;170923;0.42400000000000004;0.051;611.8;68016.0;3.4
370;15084;Burgenlandkreis;126;178846;0.397;0.065;565.0;60983.0;6.1
371;15085;Harz;101;213310;0.395;0.053;571.6;55357.0;6.9
372;15086;Jerichower Land;57;89589;0.403;0.069;603.9;62830.0;8.2
373;15087;Mansfeld-Südharz;93;134942;0.373;0.094;585.7;54984.0;5.6
374;15088;Saalekreis;128;183815;0.41500000000000004;0.063;614.7;75433.0;3.4
375;15089;Salzlandkreis;132;189125;0.395;0.083;551.6;62329.0;6.8
376;15090;Stendal;46;111190;0.404;0.087;566.1;61924.0;8.8
377;15091;Wittenberg;65;124953;0.38;0.062;597.6;61297.0;4.5
378;16051;Erfurt, Stadt;793;213981;0.509;0.057;453.4;58761.0;8.0
379;16052;Gera, Stadt;612;93125;0.409;0.081;486.0;55456.0;10.3
380;16053;Jena, Stadt;970;111343;0.565;0.052;404.0;65004.0;12.7
381;16054;Suhl, Stadt;260;36789;0.3669999999999999;0.05;586.3;52355.0;14.4
382;16055;Weimar, Stadt;772;65228;0.5089999999999999;0.0559999999999999;446.7;57154.0;9.2
383;16056;Eisenach, Stadt;406;42250;0.44599999999999995;0.064;511.8;60057.0;9.3
384;16061;Eichsfeld;106;100006;0.45499999999999996;0.039;596.7;57397.0;4.2
385;16062;Nordhausen;117;83416;0.427;0.07;562.2;57151.0;11.6
386;16063;Wartburgkreis;94;118974;0.41500000000000004;0.039;597.8;63744.0;4.3
387;16064;Unstrut-Hainich-Kreis;104;102232;0.43;0.068;550.2;56098.0;12.4
388;16065;Kyffhäuserkreis;72;74212;0.395;0.079;591.7;58094.0;6.1
389;16066;Schmalkalden-Meiningen;100;124916;0.413;0.04;621.6;56700.0;5.8
390;16067;Gotha;144;134908;0.433;0.051;559.1;59256.0;3.7
391;16068;Sömmerda;86;69427;0.42300000000000004;0.055;577.0;58921.0;6.326932668329178
392;16069;Hildburghausen;67;63197;0.42200000000000004;0.034;618.0;61877.0;7.9
393;16070;Ilm-Kreis;132;106249;0.439;0.049;537.7;64125.0;5.2
394;16071;Weimarer Land;102;82156;0.43499999999999994;0.04;586.3;63158.0;12.8
395;16072;Sonneberg;125;57717;0.392;0.038;618.8;60725.0;6.8
396;16073;Saalfeld-Rudolstadt;102;103199;0.3849999999999999;0.053;566.1;60062.0;9.2
397;16074;Saale-Holzland-Kreis;102;82950;0.415;0.0409999999999999;593.9;55528.0;7.8
398;16075;Saale-Orla-Kreis;70;80312;0.402;0.046;622.1;59192.0;1.5
399;16076;Greiz;115;97398;0.372;0.046;615.2;58795.0;4.1
400;16077;Altenburger Land;157;89393;0.3709999999999999;0.071;569.6;56640.0;6.8
