id;name;anteil_ausländer;anteil_bevölkerung_0_bis_17;anteil_bevölkerung_18_bis_24;anteil_bevölkerung_25_bis_44;anteil_bevölkerung_25_bis_45;anteil_bevölkerung_65_und_aelter;anteil_schulabgänger_mit_allg_hochschulreife;anteil_schulabgänger_ohne_hauptschulabschluss;arbeitslosenqoute;arbeitsplatzdichte;beschäftigenqoute;beschäftigte_öffentlicher_je_tsd_einwohner;betreuungsqoute_0_bis_2;betreuungsqoute_3_bis_5;bevölkerungsdichte_einwohner_je_qkm;bevölkerungsentwicklung_pro_jahr_je_zehntsd_einwohner;bip_je_erwerbstätigen;bruttoentgelt_je_beschäftigte;durchschnittsalter;einkünfte_je_steuerpflichtige;gestorbene_je_zehntsd;gewerbeanmeldungen_je_zehntsd;krankenhausbetten_je_tsd_einwohner;personal_je_hundert_pflegebedürftige_in_vollpflege;pflegebedürftige_je_tsd_ab_65;pkw_bestand_je_tsd_einwohner;plätze_in_pflegenheimen_je_tsd_einwohner_ab_65;übernachtungen_je_einwohner;unternehmensinsolvenzen_je_zehntsd_steuerpflichtigen_unternehmen;verfügbares_einkommen_je_einwohner_in_euro;wanderungssaldo_je_zehntsd_frauen_18_bis_29;wanderungssaldo_je_zehntsd_männer_18_bis_29
01001; Flensburg, Kreisfreie Stadt;15.2%;15.7%;11.9%;26.5%;25.7%;20.1%;45.5%;8.6%;8.0%; 1019.6;54.0%; 70.2;37.9%;94.0%; 1700.6; 73.5;62665;45200; 42.4;31600; 117.9; 94.0; 9.8; 87.6; 182.4; 489.6; 63.0;4.0; 64.4;19296; 335.1; 408.5
01002; Kiel, Landeshauptstadt, Kreisfreie Stadt;12.0%;14.8%;10.9%;30.0%;25.5%;18.8%;43.1%;9.0%;7.6%; 1015.3;53.8%; 86.0;35.6%;90.0%; 2080.0; -30.5;67116;58500; 42.1;33000; 104.3; 72.8; 10.1; 92.0; 159.6; 445.0; 53.3;3.5; 66.7;19263; 284.3; 363.2
01003; Lübeck, Hansestadt, Kreisfreie Stadt;10.6%;15.1%;8.3%;25.1%;28.2%;23.3%;38.2%;11.8%;7.3%; 938.0;57.4%; 52.6;36.3%;92.0%; 1010.9; -30.8;68377;51400; 45.2;33600; 131.0; 72.6; 9.1; 82.5; 169.6; 453.4; 69.7;9.4; 63.0;20363; 209.0; 280.2
01004; Neumünster, Kreisfreie Stadt;12.7%;16.4%;8.4%;24.2%;28.4%;22.6%;46.0%;10.4%;7.9%; 1048.6;59.0%; 54.0;31.5%;83.7%; 1119.1; 88.8;62247;48000; 44.6;31800; 126.9; 98.8; 8.7; 88.8; 198.6; 527.8; 76.0;2.3; 102.5;19233; 163.4; 358.5
01051; Dithmarschen, Landkreis;6.0%;15.8%;7.7%;20.6%;31.0%;25.0%;27.3%;10.1%;5.5%; 736.1;58.4%; 35.4;23.8%;86.9%; 93.3; -1.3;72256;49000; 46.4;36300; 137.8; 72.8; 4.9; 101.9; 167.7; 605.7; 57.9;13.5; 71.7;22866; -164.3; -135.6
01053; Herzogtum Lauenburg, Landkreis;8.2%;17.4%;6.7%;22.3%;31.1%;22.5%;34.3%;10.2%;4.7%; 567.2;60.4%; 29.4;34.5%;87.6%; 156.8; 38.2;63538;47100; 45.2;41800; 120.5; 82.0; 3.1; 93.7; 182.7; 587.8; 62.0;3.6; 59.4;23515; -127.9; -152.9
01054; Nordfriesland, Landkreis;7.3%;15.6%;7.5%;21.7%;30.9%;24.4%;26.5%;9.4%;4.8%; 873.9;60.3%; 63.9;34.9%;95.7%; 79.6; 26.8;64108;39600; 46.2;38700; 128.5; 94.1; 4.0; 93.4; 154.7; 614.9; 50.2;60.9; 54.7;25661; -108.1; -34.6
01055; Ostholstein, Landkreis;5.8%;14.4%;6.2%;19.6%;32.0%;27.8%;29.4%;11.2%;5.0%; 754.6;60.2%; 43.9;36.4%;94.0%; 144.0; -2.1;57164;36400; 48.4;36900; 139.7; 81.7; 8.4; 82.1; 161.4; 620.1; 67.1;44.8; 57.6;23068; -95.1; -153.6
01056; Pinneberg, Landkreis;11.1%;17.1%;7.1%;23.1%;30.6%;22.2%;38.2%;7.6%;4.5%; 655.5;64.1%; 28.4;32.2%;87.2%; 475.9; 54.3;69697;47900; 45.0;43100; 113.8; 96.5; 2.8; 83.6; 162.3; 556.2; 55.1;2.1; 57.8;24705; -14.3; 9.8
01057; Plön, Landkreis;4.9%;15.9%;6.4%;19.4%;31.9%;26.4%;27.8%;9.1%;4.0%; 566.4;58.9%; 36.3;35.8%;89.4%; 118.8; 3.0;61887;36400; 47.5;39600; 119.1; 65.9; 2.2; 93.3; 129.7; 615.5; 44.3;10.8; 66.1;23005; -350.0; -325.1
01058; Rendsburg-Eckernförde, Landkreis;5.5%;16.8%;7.0%;20.9%;31.6%;23.7%;35.6%;9.5%;3.9%; 700.6;58.4%; 47.0;36.9%;92.1%; 125.2; 48.4;67782;45000; 45.9;40900; 121.3; 75.8; 3.5; 92.6; 155.3; 626.2; 56.9;6.8; 68.7;23684; -195.9; -32.2
01059; Schleswig-Flensburg, Landkreis;5.3%;17.0%;6.8%;21.3%;30.9%;24.1%;25.8%;9.5%;4.3%; 681.7;56.6%; 42.1;39.3%;93.0%; 97.1; 56.4;63038;32900; 45.8;37400; 122.9; 80.6; 3.6; 94.6; 167.5; 628.6; 67.4;7.0; 75.8;22908; -80.0; -195.8
01060; Segeberg, Landkreis;8.9%;17.0%;7.0%;23.5%;30.6%;22.0%;33.4%;9.5%;4.0%; 715.8;63.8%; 30.0;35.0%;87.4%; 206.2; 41.3;69666;49100; 44.9;40300; 107.7; 88.2; 6.1; 87.5; 168.5; 597.9; 69.4;2.9; 79.8;23265; -2.6; -65.1
01061; Steinburg, Landkreis;6.9%;16.2%;7.1%;21.5%;32.3%;22.9%;34.7%;9.4%;5.1%; 673.7;60.8%; 37.6;34.8%;91.7%; 124.1; -25.5;74751;43400; 45.8;37000; 132.9; 80.7; 4.6; 87.7; 197.3; 612.2; 68.2;1.0; 68.6;21625; -191.4; -176.4
01062; Stormarn, Landkreis;7.7%;17.3%;6.6%;21.9%;30.9%;23.3%;49.6%;5.2%;3.1%; 773.3;62.8%; 26.7;39.0%;92.3%; 318.7; 39.4;70641;49400; 45.7;46200; 110.6; 92.4; 4.5; 86.2; 159.8; 617.0; 72.0;1.7; 52.1;25486; -90.9; -147.4
02000; Hamburg;16.5%;16.8%;7.9%;30.8%;26.3%;18.2%;53.9%;6.0%;6.1%; 1024.1;61.8%; 46.6;46.7%;89.9%; 2446.4; 32.9;0;64200; 42.1;43500; 94.8; 103.5; 6.9; 86.8; 187.8; 431.6; 55.2;8.3; 72.5;24404; 530.7; 442.0
03101; Braunschweig, Kreisfreie Stadt;10.9%;14.7%;8.8%;28.9%;26.6%;21.0%;51.2%;6.1%;4.9%; 1016.1;62.0%; 86.0;37.5%;93.7%; 1294.3; 44.8;72974;58000; 43.8;40200; 110.7; 60.3; 7.8; 78.1; 215.5; 582.9; 62.0;2.9; 61.3;22421; 507.4; 518.3
03102; Salzgitter, Kreisfreie Stadt;18.4%;18.2%;8.0%;23.0%;27.8%;23.0%;24.0%;8.3%;8.8%; 896.4;59.7%; 37.8;17.4%;81.8%; 464.6; -62.8;98476;56100; 44.3;31900; 132.4; 63.7; 4.3; 84.9; 236.5; 523.6; 72.0;1.6; 67.3;19893; -107.1; -115.1
03103; Wolfsburg, Kreisfreie Stadt;15.7%;16.7%;6.8%;27.0%;27.2%;22.2%;43.5%;5.5%;4.5%; 1657.5;66.1%; 59.8;37.5%;94.8%; 607.8; 17.7;163592;0; 44.4;42200; 115.8; 58.7; 4.4; 86.2; 195.3; 1110.4; 48.5;5.3; 99.3;24774; 267.8; 307.6
03151; Gifhorn, Landkreis;6.8%;18.1%;7.0%;23.1%;31.5%;20.3%;37.3%;3.5%;4.0%; 502.3;63.3%; 27.4;31.9%;87.9%; 112.6; 34.2;66299;0; 44.0;43300; 106.8; 60.2; 2.4; 84.4; 247.4; 600.0; 60.8;2.0; 70.6;23939; -188.9; -163.8
03153; Goslar, Landkreis;10.0%;13.5%;7.8%;20.8%;30.5%;27.4%;28.5%;7.7%;5.9%; 747.0;57.8%; 42.8;37.3%;93.9%; 141.0; -52.8;65669;45200; 48.0;33400; 163.6; 57.7; 7.5; 89.2; 245.5; 580.7; 91.1;19.7; 50.3;21043; -39.4; 2.9
03154; Helmstedt, Landkreis;6.8%;15.9%;6.6%;22.6%;31.4%;23.6%;36.1%;8.4%;5.8%; 516.7;64.4%; 36.6;30.7%;86.0%; 135.0; -1.1;59932;0; 46.1;38700; 145.6; 57.0; 9.2; 76.2; 213.2; 601.8; 82.8;1.9; 71.0;23293; 6.1; -47.5
03155; Northeim, Landkreis;6.5%;15.1%;7.0%;20.6%;31.7%;25.6%;36.7%;5.3%;5.1%; 736.8;62.0%; 40.6;32.5%;90.5%; 104.3; -36.2;63495;41500; 47.3;35100; 141.5; 51.4; 3.5; 87.9; 265.0; 652.7; 75.1;3.5; 52.2;22259; -171.2; -99.3
03157; Peine, Landkreis;7.8%;17.6%;7.2%;22.4%;31.2%;21.5%;36.4%;4.1%;4.4%; 526.8;63.0%; 30.5;31.7%;89.8%; 251.3; 62.2;62453;42000; 44.6;37700; 117.6; 63.4; 2.2; 86.8; 235.9; 616.5; 76.7;0.8; 52.2;21815; -60.0; -11.5
03158; Wolfenbüttel, Landkreis;6.1%;15.6%;7.4%;21.2%;31.9%;23.9%;36.7%;5.9%;4.4%; 485.5;61.5%; 49.6;34.7%;96.0%; 165.2; -28.2;66016;0; 46.3;40400; 123.1; 51.8; 2.5; 82.3; 200.9; 615.0; 57.7;1.1; 58.5;22381; -243.9; -198.5
03159; Göttingen, Landkreis;8.7%;15.2%;9.3%;24.0%;28.7%;22.8%;40.5%;7.1%;5.3%; 825.3;57.2%; 50.8;37.8%;88.8%; 185.7; -62.2;66000;46500; 44.9;37100; 123.3; 51.9; 10.4; 86.8; 231.1; 554.2; 77.8;6.2; 61.6;20901; 60.1; 28.5
03241; Region Hannover, Landkreis;14.0%;16.5%;8.0%;25.9%;28.3%;21.2%;40.9%;5.9%;6.4%; 922.8;60.0%; 67.0;34.2%;91.0%; 503.7; -4.4;75896;55900; 44.0;39300; 110.1; 76.1; 6.1; 85.4; 214.0; 499.8; 67.3;3.7; 53.1;21613; 214.8; 216.7
03251; Diepholz, Landkreis;8.4%;16.7%;7.2%;21.9%;31.5%;22.6%;29.3%;5.5%;3.9%; 732.1;64.6%; 34.4;34.7%;91.9%; 109.0; 9.4;67051;40600; 45.4;39200; 117.2; 78.0; 2.3; 102.3; 208.3; 636.8; 60.7;1.4; 37.3;23606; -58.8; -148.0
03252; Hameln-Pyrmont, Landkreis;10.5%;15.9%;6.9%;20.9%;30.8%;25.5%;29.7%;10.6%;6.1%; 773.4;61.6%; 40.0;29.9%;91.4%; 186.3; -0.7;70851;47000; 46.8;34800; 142.3; 67.0; 7.6; 99.1; 246.9; 611.5; 81.0;8.2; 57.8;21962; -24.6; -2.1
03254; Hildesheim, Landkreis;8.4%;15.7%;8.2%;22.3%;30.3%;23.5%;35.7%;7.2%;5.7%; 723.4;59.7%; 36.2;30.9%;93.5%; 228.3; -28.1;61556;44300; 45.7;36800; 132.1; 64.6; 6.3; 92.2; 234.2; 575.0; 73.6;2.5; 50.4;21282; -34.4; -16.3
03255; Holzminden, Landkreis;7.4%;15.1%;7.3%;20.4%;30.6%;26.6%;25.4%;12.2%;6.3%; 705.2;59.3%; 42.8;29.8%;97.8%; 101.5; -73.1;73707;46300; 47.4;33200; 150.6; 57.1; 2.9; 85.4; 249.3; 626.0; 79.6;3.2; 58.0;21459; -114.9; -196.5
03256; Nienburg (Weser), Landkreis;8.1%;16.9%;7.6%;21.6%;31.4%;22.5%;28.4%;6.7%;4.8%; 753.1;62.0%; 57.7;31.0%;93.0%; 86.7; 0.3;66413;40900; 45.3;34900; 125.5; 64.5; 2.9; 96.9; 252.1; 627.0; 79.2;2.5; 26.1;21366; -33.2; -131.8
03257; Schaumburg, Landkreis;8.6%;15.7%;7.2%;21.0%;31.5%;24.7%;41.8%;8.2%;5.3%; 655.7;60.3%; 38.9;31.9%;91.9%; 233.6; 2.5;62163;48100; 46.6;36800; 140.8; 61.4; 3.4; 90.3; 251.5; 631.0; 92.0;5.2; 68.8;21860; -152.0; -146.2
03351; Celle, Landkreis;7.9%;17.3%;7.0%;22.4%;29.6%;23.6%;26.8%;7.1%;5.7%; 738.9;59.7%; 66.7;31.0%;90.5%; 115.4; 4.2;64342;49000; 45.3;36800; 129.0; 69.1; 3.9; 89.7; 236.4; 603.2; 71.5;4.5; 82.3;20895; -119.7; -157.1
03352; Cuxhaven, Landkreis;6.3%;16.2%;6.7%;20.5%;31.1%;25.6%;23.6%;8.4%;5.2%; 588.0;60.2%; 47.8;33.5%;94.1%; 96.2; -8.8;61835;39800; 46.7;37200; 135.7; 61.2; 3.3; 108.4; 197.5; 625.0; 58.7;12.9; 98.5;22081; -186.6; -251.3
03353; Harburg, Landkreis;7.8%;17.3%;7.0%;22.0%;31.3%;22.4%;39.8%;5.1%;3.7%; 613.1;64.6%; 23.7;36.0%;95.8%; 203.8; 65.3;63842;37300; 45.2;46800; 106.2; 95.6; 3.0; 89.7; 169.6; 645.8; 49.1;3.1; 57.1;25670; -13.4; -11.8
03354; Lüchow-Dannenberg, Landkreis;5.7%;15.2%;6.1%;19.2%;31.4%;28.1%;28.8%;7.8%;7.3%; 753.9;56.0%; 37.9;34.0%;91.5%; 39.4; -2.5;59673;42100; 48.4;32500; 155.7; 68.6; 2.4; 94.5; 229.8; 626.3; 72.8;5.6; 72.4;21051; -201.4; -319.5
03355; Lüneburg, Landkreis;6.8%;17.1%;8.5%;24.1%;30.0%;20.3%;39.1%;5.7%;5.3%; 699.7;57.9%; 54.3;39.1%;94.7%; 138.7; 41.7;60326;39800; 43.7;39900; 103.9; 77.4; 4.9; 91.2; 208.0; 562.3; 69.0;3.5; 66.0;20942; 114.7; 30.0
03356; Osterholz, Landkreis;5.6%;16.8%;6.7%;21.0%;31.9%;23.6%;35.7%;4.7%;3.3%; 556.7;62.8%; 39.9;35.0%;94.0%; 174.6; 36.1;58559;40700; 45.9;40400; 124.0; 68.6; 2.1; 93.3; 185.9; 627.9; 58.1;1.3; 83.0;22874; -226.7; -194.8
03357; Rotenburg (Wümme), Landkreis;6.5%;17.0%;7.9%;22.6%;31.1%;21.4%;30.4%;8.5%;3.6%; 772.1;63.8%; 58.7;29.5%;93.3%; 78.9; 20.0;66626;38100; 44.5;37900; 118.9; 70.9; 6.2; 97.2; 220.9; 675.3; 66.2;3.2; 52.1;22709; -86.4; -89.9
03358; Heidekreis, Landkreis;9.0%;16.9%;7.6%;22.6%;30.4%;22.5%;29.8%;6.0%;5.3%; 802.4;60.9%; 78.0;30.4%;89.9%; 74.8; 65.5;63605;39700; 45.0;35100; 124.0; 71.5; 3.5; 86.2; 214.5; 619.6; 63.2;21.3; 57.8;21070; 24.9; 101.3
03359; Stade, Landkreis;8.8%;17.6%;7.6%;23.4%;29.7%;21.6%;30.2%;6.6%;5.0%; 683.6;63.5%; 33.4;32.4%;90.9%; 161.4; 69.2;69986;53200; 44.2;41400; 107.6; 71.8; 4.6; 99.2; 201.6; 605.0; 59.1;2.6; 55.7;22944; -16.7; 52.4
03360; Uelzen, Landkreis;5.9%;15.2%;7.1%;20.5%;31.6%;25.6%;29.1%;9.3%;5.0%; 716.9;59.1%; 42.5;35.7%;94.7%; 63.2; -19.8;61363;35800; 47.2;34000; 145.8; 70.3; 8.7; 79.3; 225.1; 604.1; 82.9;8.0; 56.6;21284; -92.1; -94.6
03361; Verden, Landkreis;7.6%;17.6%;7.3%;22.1%;30.4%;22.6%;35.8%;5.1%;4.0%; 742.1;63.3%; 34.4;31.5%;88.9%; 173.7; 24.9;66774;46700; 44.8;41800; 115.8; 72.8; 1.9; 95.6; 196.1; 624.7; 65.5;2.5; 63.4;23705; -101.7; -39.7
03401; Delmenhorst, Kreisfreie Stadt;16.0%;17.7%;7.7%;23.8%;28.7%;22.0%;31.5%;13.2%;9.4%; 664.1;52.9%; 51.7;18.2%;73.2%; 1241.9; -6.2;52841;36000; 44.0;31200; 120.0; 74.4; 4.1; 101.7; 214.8; 539.7; 37.9;0.9; 89.3;19396; -64.1; -145.1
03402; Emden, Kreisfreie Stadt;10.2%;16.6%;9.2%;24.6%;28.0%;21.5%;38.9%;9.0%;8.2%; 1304.5;56.0%; 59.1;24.4%;83.7%; 444.3; -56.3;82938;0; 43.7;32600; 119.3; 47.9; 8.3; 101.0; 233.8; 485.3; 54.4;5.2; 79.3;18923; 63.0; 27.9
03403; Oldenburg (Oldenburg), Kreisfreie Stadt;10.3%;15.4%;10.0%;28.3%;27.2%;19.1%;52.2%;4.5%;6.1%; 1050.7;57.0%; 97.8;39.9%;95.0%; 1640.1; 51.4;65550;38700; 42.7;38600; 99.0; 76.2; 10.3; 87.9; 209.8; 522.0; 58.9;2.4; 42.7;19920; 346.2; 558.6
03404; Osnabrück, Kreisfreie Stadt;13.4%;15.0%;12.0%;28.6%;25.7%;18.6%;43.7%;5.4%;6.6%; 1154.3;58.3%; 66.1;33.2%;94.2%; 1379.4; 30.5;64517;51000; 42.0;37700; 99.0; 76.9; 12.9; 114.2; 189.1; 508.1; 51.8;3.0; 73.8;21043; 458.9; 460.6
03405; Wilhelmshaven, Kreisfreie Stadt;9.8%;14.6%;8.9%;22.9%;27.6%;26.0%;35.2%;8.2%;10.3%; 966.0;54.5%; 153.8;22.4%;83.9%; 710.6; -24.8;68374;51600; 46.2;30300; 153.8; 73.8; 7.8; 84.6; 216.7; 523.0; 62.7;4.6; 95.1;18498; 51.5; 138.7
03451; Ammerland, Landkreis;6.2%;17.2%;7.2%;21.8%;30.4%;23.4%;25.2%;7.2%;3.6%; 786.3;62.7%; 40.6;35.2%;97.9%; 170.9; 63.3;62412;39800; 45.3;39900; 111.8; 75.6; 7.0; 90.0; 187.0; 633.4; 49.4;7.1; 41.7;22616; -75.4; -120.8
03452; Aurich, Landkreis;5.5%;16.4%;7.7%;21.4%;31.2%;23.2%;28.8%;9.0%;6.3%; 707.2;58.3%; 42.1;27.0%;95.1%; 147.4; -8.1;59654;0; 45.4;33600; 123.9; 70.6; 3.7; 111.6; 253.9; 605.7; 51.5;22.9; 42.6;20754; -184.6; -213.5
03453; Cloppenburg, Landkreis;11.1%;20.2%;9.2%;25.2%;28.8%;16.6%;18.2%;9.7%;3.9%; 822.8;63.4%; 30.2;29.1%;89.3%; 120.2; 78.5;62743;33700; 41.0;35100; 93.2; 77.9; 2.9; 126.6; 296.5; 580.6; 70.1;2.8; 48.9;21160; -38.3; 56.2
03454; Emsland, Landkreis;11.3%;18.1%;8.2%;24.7%;29.8%;19.3%;28.5%;7.9%;2.4%; 899.1;62.2%; 32.2;35.8%;96.4%; 113.4; 39.7;72013;44000; 43.0;37600; 102.1; 63.8; 5.5; 113.5; 269.2; 604.2; 52.8;6.7; 52.6;22087; -84.2; 6.6
03455; Friesland, Landkreis;4.2%;15.8%;6.9%;20.1%;30.8%;26.3%;27.7%;8.8%;4.3%; 708.3;60.5%; 52.1;28.5%;96.5%; 161.9; 24.8;63506;46600; 47.0;35000; 134.9; 68.3; 5.2; 102.9; 199.2; 657.2; 53.7;23.7; 46.3;21026; -25.3; -244.3
03456; Grafschaft Bentheim, Landkreis;14.9%;18.0%;7.8%;23.1%;30.3%;20.8%;25.5%;6.8%;2.5%; 835.5;60.8%; 32.7;34.6%;94.5%; 139.7; 47.6;60200;37600; 43.8;35700; 102.6; 67.1; 4.4; 131.0; 237.9; 605.1; 56.8;6.0; 54.1;20538; 2.3; -76.0
03457; Leer, Landkreis;8.5%;17.2%;7.9%;23.1%;30.3%;21.5%;22.4%;7.7%;5.2%; 650.0;56.9%; 36.8;27.9%;93.0%; 157.3; 55.6;65206;34600; 44.3;34100; 119.4; 70.4; 4.2; 112.5; 249.9; 595.9; 52.9;10.9; 69.2;19675; -16.3; -36.8
03458; Oldenburg, Landkreis;8.5%;17.2%;7.6%;21.6%;32.1%;21.6%;17.6%;4.9%;3.1%; 616.9;66.2%; 32.4;31.4%;91.1%; 122.9; 57.2;60366;39000; 44.9;40200; 109.6; 75.8; 1.8; 104.4; 210.3; 630.9; 68.5;2.7; 74.5;23295; -44.2; -88.3
03459; Osnabrück, Landkreis;8.4%;17.9%;7.7%;22.8%;30.6%;21.0%;24.0%;6.3%;2.9%; 747.3;65.9%; 21.3;33.7%;91.9%; 168.8; 20.6;63752;39600; 44.2;38000; 109.4; 64.6; 4.6; 117.5; 214.0; 633.7; 60.7;5.1; 38.8;23227; -110.7; -178.6
03460; Vechta, Landkreis;12.9%;19.7%;9.4%;25.8%;28.6%;16.4%;29.5%;7.5%;3.4%; 1014.4;67.4%; 32.3;36.1%;98.5%; 175.4; 85.5;65372;38200; 40.9;39600; 83.6; 75.5; 6.2; 118.5; 242.9; 605.3; 66.7;2.7; 34.2;23167; 54.7; -35.7
03461; Wesermarsch, Landkreis;8.0%;16.0%;7.6%;21.1%;31.6%;23.7%;26.9%;5.0%;5.8%; 712.8;61.6%; 32.5;32.1%;97.4%; 107.4; -4.6;80808;51400; 46.0;34500; 127.0; 64.3; 2.4; 91.7; 220.2; 595.9; 72.3;9.2; 79.0;21626; -92.3; -84.4
03462; Wittmund, Landkreis;4.6%;16.0%;7.4%;20.6%;31.2%;24.8%;26.7%;5.5%;5.4%; 684.1;58.4%; 55.8;26.6%;95.9%; 86.7; 7.7;58084;36500; 46.3;33000; 132.2; 66.8; 2.9; 104.1; 250.1; 623.6; 54.9;48.2; 29.4;21396; -209.0; -85.0
04011; Bremen, Kreisfreie Stadt;18.5%;16.1%;8.7%;27.1%;27.1%;21.0%;35.9%;9.2%;9.5%; 995.3;55.8%; 40.6;30.5%;87.3%; 1740.0; -31.5;79759;59000; 43.6;36300; 110.4; 80.0; 7.1; 115.8; 195.3; 425.9; 55.2;4.1; 82.8;21928; 272.8; 264.2
04012; Bremerhaven, Kreisfreie Stadt;18.5%;17.4%;8.4%;24.5%;27.7%;22.0%;35.9%;9.6%;12.2%; 874.4;56.4%; 61.6;21.2%;80.3%; 1213.4; 0.8;60322;35300; 43.8;28300; 125.9; 68.1; 8.9; 99.0; 232.9; 440.3; 40.4;4.1; 68.3;18658; 122.0; 119.1
05111; Düsseldorf, Kreisfreie Stadt;20.7%;16.1%;7.1%;30.4%;27.2%;19.3%;42.9%;5.4%;6.6%; 1307.1;60.6%; 72.1;37.9%;95.8%; 2860.4; 41.6;91568;64900; 43.0;49500; 100.2; 105.7; 8.2; 89.4; 192.3; 501.6; 44.5;8.1; 71.9;25817; 661.4; 563.7
05112; Duisburg, Kreisfreie Stadt;21.4%;17.2%;8.2%;25.7%;28.4%;20.4%;36.5%;9.8%;10.8%; 714.0;53.6%; 37.6;17.6%;80.6%; 2142.1; 1.9;77215;54900; 43.5;30500; 120.9; 77.0; 9.3; 90.9; 246.9; 460.5; 55.3;1.1; 109.8;17049; 157.4; 189.7
05113; Essen, Kreisfreie Stadt;16.3%;16.3%;7.7%;26.5%;27.8%;21.7%;42.8%;8.0%;10.2%; 890.2;54.6%; 37.8;29.6%;87.3%; 2770.6; -6.0;74404;55000; 44.2;38800; 120.3; 86.9; 9.7; 98.6; 190.8; 493.7; 58.8;2.9; 102.9;20316; 224.6; 152.3
05114; Krefeld, Kreisfreie Stadt;16.9%;16.6%;7.6%;24.1%;29.7%;22.0%;40.2%;7.7%;10.1%; 848.0;56.9%; 39.2;27.1%;90.1%; 1650.6; 17.5;74066;52500; 44.6;38600; 125.6; 81.0; 9.2; 121.4; 226.1; 521.4; 49.4;1.1; 92.1;21594; 135.4; 164.9
05116; Mönchengladbach, Kreisfreie Stadt;16.6%;16.7%;7.8%;25.1%;29.4%;21.0%;40.5%;8.9%;9.0%; 801.4;56.6%; 36.4;19.0%;81.1%; 1531.3; -16.1;65135;49600; 44.1;36100; 118.5; 86.6; 8.1; 110.9; 232.8; 525.3; 48.1;1.3; 138.7;20751; 45.9; 84.4
05117; Mülheim an der Ruhr, Kreisfreie Stadt;15.7%;16.3%;6.9%;23.3%;29.6%;23.9%;44.9%;7.1%;7.1%; 756.1;56.3%; 30.6;32.1%;88.8%; 1869.3; -14.5;73178;57100; 45.7;42400; 133.8; 72.6; 5.4; 96.0; 176.4; 544.3; 47.9;1.2; 64.6;23139; 96.7; 76.9
05119; Oberhausen, Kreisfreie Stadt;15.5%;16.1%;7.3%;24.8%;29.7%;22.1%;41.8%;7.3%;9.8%; 677.3;55.0%; 27.6;21.6%;81.1%; 2734.0; -3.1;60008;59000; 44.9;33400; 129.2; 73.7; 6.9; 97.9; 227.8; 522.9; 50.4;2.6; 98.4;18578; 127.6; 9.3
05120; Remscheid, Kreisfreie Stadt;18.6%;17.0%;7.3%;23.4%;30.2%;22.2%;36.6%;7.6%;7.0%; 855.0;59.6%; 33.3;24.2%;85.0%; 1494.1; 30.9;65376;50700; 44.9;37100; 127.0; 77.5; 9.2; 97.5; 212.5; 552.7; 46.2;1.1; 105.0;22559; 109.0; 34.1
05122; Solingen, Kreisfreie Stadt;16.8%;17.0%;7.5%;23.9%;30.2%;21.4%;43.6%;6.5%;7.1%; 716.7;60.5%; 38.2;29.3%;89.6%; 1778.5; -7.2;68595;41200; 44.5;39500; 123.0; 81.0; 6.6; 99.1; 228.0; 581.0; 61.1;0.6; 102.4;23354; 60.3; -46.5
05124; Wuppertal, Kreisfreie Stadt;20.2%;17.3%;8.3%;25.4%;28.3%;20.8%;39.2%;6.9%;8.1%; 762.0;55.6%; 36.7;20.0%;84.0%; 2108.8; 20.2;74314;55600; 43.6;37500; 119.6; 85.7; 5.9; 103.9; 194.0; 484.5; 54.5;1.8; 108.2;21183; 217.5; 268.8
05154; Kleve, Kreis;15.3%;16.6%;7.9%;23.7%;30.9%;20.9%;31.9%;6.7%;5.2%; 733.7;56.6%; 43.3;29.6%;96.0%; 253.4; 47.8;62800;41900; 44.3;36500; 118.1; 76.0; 5.4; 111.0; 250.5; 612.5; 54.5;3.0; 60.1;20870; 93.8; 130.6
05158; Mettmann, Kreis;12.6%;16.7%;6.7%;21.9%;30.7%;24.0%;40.8%;4.9%;5.6%; 840.4;61.8%; 32.9;30.9%;91.4%; 1192.4; -2.3;78364;52600; 45.9;44100; 123.2; 88.8; 4.6; 99.0; 177.3; 605.2; 46.6;2.1; 74.3;25478; -37.9; -79.4
05162; Rhein-Kreis Neuss;12.1%;17.3%;6.8%;23.1%;30.7%;22.1%;48.1%;3.9%;5.0%; 716.0;61.5%; 27.1;31.3%;95.3%; 783.7; 16.0;89661;60700; 44.9;45800; 116.4; 87.2; 4.4; 90.8; 195.7; 601.5; 42.4;2.2; 70.9;25303; -37.8; -57.0
05166; Viersen, Kreis;10.2%;16.2%;7.0%;22.1%;32.3%;22.4%;44.6%;5.0%;5.3%; 690.3;58.1%; 36.6;29.6%;95.2%; 530.6; -2.4;65150;43300; 45.6;40700; 117.8; 91.2; 4.7; 112.1; 227.4; 623.8; 41.1;1.2; 68.7;23113; -93.7; -137.9
05170; Wesel, Kreis;9.3%;15.8%;6.7%;22.3%;31.6%;23.6%;41.0%;5.6%;5.9%; 691.7;57.7%; 29.8;26.5%;91.4%; 441.1; 3.6;65268;47300; 46.1;38900; 122.9; 67.5; 5.5; 107.2; 238.0; 615.1; 48.1;1.8; 108.8;22034; -17.5; -118.0
05314; Bonn, Kreisfreie Stadt;17.2%;17.3%;10.0%;28.5%;26.1%;18.1%;51.0%;3.9%;6.3%; 1141.4;54.4%; 121.5;33.7%;93.1%; 2337.1; 73.5;94325;52500; 41.6;46600; 90.8; 70.8; 12.8; 102.8; 195.4; 534.7; 55.0;5.3; 56.0;23400; 512.2; 463.0
05315; Köln, Kreisfreie Stadt;19.4%;16.1%;8.5%;31.3%;26.7%;17.4%;43.1%;6.0%;7.8%; 1038.3;56.9%; 60.4;33.0%;93.6%; 2686.0; 20.2;84530;65500; 41.8;42200; 92.5; 90.2; 6.6; 102.2; 194.4; 444.7; 43.4;6.1; 79.8;22319; 524.9; 521.5
05316; Leverkusen, Kreisfreie Stadt;16.3%;17.3%;7.2%;24.2%;29.6%;21.7%;42.7%;5.0%;7.2%; 789.2;60.5%; 33.5;25.9%;92.0%; 2075.9; -6.7;100105;71800; 44.5;38300; 113.3; 123.5; 6.6; 96.6; 190.8; 546.9; 39.9;1.5; 82.1;21604; 50.9; 114.4
05334; Städteregion Aachen (einschl. Stadt Aachen);15.2%;15.5%;10.9%;25.7%;27.5%;20.4%;44.0%;6.2%;6.9%; 821.3;55.5%; 41.8;33.0%;95.6%; 788.0; 28.1;67807;52200; 43.2;37700; 110.0; 71.7; 6.9; 109.9; 237.1; 522.5; 55.6;3.0; 97.5;20528; 240.8; 318.1
05358; Düren, Kreis;11.2%;16.8%;7.8%;23.4%;30.5%;21.5%;40.1%;6.0%;6.3%; 714.1;58.5%; 44.0;28.0%;91.3%; 281.1; 34.7;62699;47600; 44.5;37600; 124.0; 78.3; 6.8; 111.5; 244.1; 606.3; 58.1;2.3; 89.1;21190; -46.0; -49.7
05362; Rhein-Erft-Kreis;12.8%;17.3%;7.3%;23.5%;30.2%;21.6%;39.9%;4.7%;5.7%; 662.8;61.0%; 31.9;29.9%;91.8%; 667.8; 11.2;85095;55800; 44.4;40800; 108.9; 87.7; 3.1; 102.3; 185.1; 589.0; 41.0;2.9; 88.6;22543; -33.1; -56.9
05366; Euskirchen, Kreis;7.8%;16.7%;7.2%;22.4%;31.7%;21.9%;40.3%;6.6%;4.9%; 683.8;59.0%; 43.4;25.7%;93.0%; 155.1; 42.2;62816;44800; 45.1;37800; 118.7; 85.2; 5.7; 102.4; 264.8; 665.7; 63.9;4.6; 91.0;21835; -22.6; -83.8
05370; Heinsberg, Kreis;11.9%;16.9%;7.4%;23.1%;31.4%;21.2%;36.7%;4.3%;5.0%; 647.8;56.7%; 30.2;26.0%;91.2%; 407.0; 48.4;60351;41400; 44.7;37000; 115.3; 80.6; 3.8; 132.0; 254.7; 620.8; 57.2;1.0; 76.7;20350; -27.1; -126.9
05374; Oberbergischer Kreis;9.8%;17.5%;7.7%;22.7%;30.6%;21.5%;37.4%;4.7%;4.9%; 827.6;62.4%; 28.5;22.9%;88.5%; 296.1; -15.2;67841;46200; 44.5;38900; 127.0; 71.9; 5.7; 111.8; 243.8; 644.4; 63.5;3.3; 47.1;23202; -93.8; -137.8
05378; Rheinisch-Bergischer Kreis;9.5%;16.8%;6.8%;21.3%;31.7%;23.4%;45.2%;5.0%;5.2%; 642.8;60.3%; 27.5;33.3%;89.3%; 647.7; -6.5;65081;50100; 45.9;48100; 116.1; 79.4; 4.1; 105.3; 192.2; 630.1; 45.1;1.9; 58.1;26314; -201.2; -217.5
05382; Rhein-Sieg-Kreis;10.3%;17.6%;7.4%;22.7%;30.6%;21.6%;43.7%;4.5%;4.8%; 635.9;59.4%; 36.1;30.0%;90.1%; 520.9; 16.4;70201;45400; 44.6;43400; 105.7; 86.7; 2.4; 97.3; 191.9; 604.3; 46.1;2.3; 71.2;23936; -92.0; -100.8
05512; Bottrop, Kreisfreie Stadt;11.3%;15.7%;7.2%;23.5%;30.9%;22.6%;40.8%;4.7%;7.0%; 633.9;55.0%; 27.9;23.2%;89.9%; 1168.5; 15.5;53825;49500; 45.5;36900; 125.5; 61.6; 6.0; 106.4; 213.9; 576.2; 57.5;0.7; 116.8;20322; 56.7; -90.7
05513; Gelsenkirchen, Kreisfreie Stadt;20.6%;17.9%;8.0%;24.7%;28.7%;20.7%;32.1%;10.1%;12.8%; 687.2;50.4%; 48.5;18.3%;83.5%; 2474.2; -38.8;68200;55700; 43.5;30800; 133.6; 68.0; 6.8; 99.1; 221.5; 466.5; 55.4;1.4; 164.3;16312; 15.3; 40.4
05515; Münster, Kreisfreie Stadt;10.8%;15.0%;12.4%;30.2%;25.2%;17.3%;51.4%;6.3%;4.6%; 1049.0;54.2%; 75.8;38.5%;95.4%; 1039.6; 30.9;78383;48400; 41.3;43200; 84.9; 53.6; 11.9; 112.3; 159.8; 463.5; 56.8;4.4; 77.0;23683; 392.0; 362.9
05554; Borken, Kreis;9.5%;18.4%;8.0%;23.8%;30.6%;19.3%;29.1%;5.0%;3.4%; 866.9;62.4%; 27.7;33.9%;98.2%; 261.3; 17.9;65264;40900; 43.1;39100; 101.8; 66.7; 5.1; 132.4; 202.3; 596.4; 50.7;1.7; 75.6;22641; -100.7; -94.7
05558; Coesfeld, Kreis;6.6%;17.4%;7.6%;22.2%;31.7%;21.1%;37.1%;5.0%;2.7%; 703.5;63.3%; 28.0;39.9%;97.3%; 198.4; 29.8;63773;40900; 44.6;43000; 106.2; 60.1; 3.9; 118.3; 178.1; 627.2; 58.4;3.1; 62.8;23809; -167.0; -167.5
05562; Recklinghausen, Kreis;11.5%;16.2%;7.2%;22.5%;31.0%;23.1%;35.0%;6.1%;8.1%; 633.0;56.7%; 36.5;26.7%;89.8%; 806.7; -18.3;64053;49600; 45.6;36600; 131.9; 66.2; 7.9; 103.1; 224.9; 568.9; 54.7;1.2; 107.3;20411; -35.8; -74.3
05566; Steinfurt, Kreis;9.4%;18.0%;8.1%;23.0%;30.8%;20.1%;34.4%;4.8%;4.0%; 774.1;63.7%; 30.3;37.2%;96.3%; 249.6; 13.5;63641;42300; 43.7;39100; 103.1; 59.9; 4.6; 119.0; 201.0; 600.7; 50.3;1.9; 85.2;22357; -94.1; -135.3
05570; Warendorf, Kreis;10.6%;17.7%;7.7%;22.5%;30.7%;21.4%;34.8%;4.2%;4.6%; 744.4;64.0%; 31.1;33.4%;94.3%; 210.6; 2.1;66123;47500; 44.4;40300; 108.8; 54.5; 4.8; 115.0; 176.5; 610.1; 47.4;1.7; 87.9;23421; -158.4; -193.3
05711; Bielefeld, Kreisfreie Stadt;15.1%;17.2%;9.2%;26.6%;26.9%;20.0%;39.1%;6.7%;7.3%; 969.1;58.4%; 46.8;28.6%;93.4%; 1291.2; 12.2;63487;47500; 42.8;39000; 106.2; 74.0; 11.9; 105.4; 208.7; 506.6; 48.7;2.1; 64.0;22645; 331.4; 274.1
05754; Gütersloh, Kreis;13.3%;17.9%;8.0%;24.0%;30.3%;19.8%;39.1%;4.9%;4.0%; 961.7;66.4%; 29.9;27.9%;90.5%; 376.5; 23.5;75924;43600; 43.5;41400; 99.7; 73.9; 3.9; 119.0; 189.2; 619.1; 45.6;1.6; 48.0;25444; -64.7; -48.9
05758; Herford, Kreis;9.5%;17.1%;7.4%;22.7%;30.5%;22.3%;37.5%;4.2%;5.1%; 793.4;63.7%; 28.9;30.2%;90.7%; 556.3; -8.2;67135;40200; 45.0;38900; 121.9; 88.7; 4.3; 104.7; 184.5; 639.5; 48.1;1.5; 83.7;22791; -76.5; -121.2
05762; Höxter, Kreis;6.0%;16.8%;7.5%;21.5%;31.3%;23.0%;36.4%;6.2%;3.7%; 723.2;61.5%; 34.9;26.6%;89.1%; 116.7; -29.6;61465;37600; 45.6;36800; 127.8; 58.0; 7.5; 112.8; 223.2; 626.5; 53.6;8.2; 47.0;22040; -332.4; -303.0
05766; Lippe, Kreis;8.7%;17.9%;7.7%;22.1%;29.6%;22.7%;35.6%;5.2%;5.8%; 735.6;62.0%; 43.5;27.9%;86.8%; 278.9; -25.2;65522;46000; 44.7;38900; 124.3; 72.6; 4.0; 97.4; 173.5; 613.9; 56.2;4.9; 79.3;22692; -197.7; -155.7
05770; Minden-Lübbecke, Kreis;8.3%;17.5%;7.7%;22.3%;30.3%;22.1%;37.0%;6.6%;4.7%; 865.2;63.7%; 33.7;27.0%;87.4%; 269.4; -9.7;75210;44100; 44.7;38900; 120.9; 68.4; 7.6; 102.0; 203.2; 641.7; 60.2;4.8; 65.8;23427; -76.5; -63.5
05774; Paderborn, Kreis;9.4%;17.6%;9.4%;26.2%;28.4%;18.4%;36.0%;5.7%;5.0%; 798.4;59.9%; 37.7;31.9%;94.8%; 246.9; 30.9;67171;43400; 42.3;39600; 92.8; 77.5; 5.7; 116.2; 197.7; 584.5; 54.5;3.3; 69.8;21774; 228.4; 267.5
05911; Bochum, Kreisfreie Stadt;13.3%;14.7%;8.8%;26.5%;27.8%;22.2%;39.4%;7.8%;8.5%; 782.3;55.1%; 38.9;30.0%;89.7%; 2509.9; 26.3;63703;47000; 44.6;36000; 121.3; 70.0; 9.3; 93.9; 192.0; 540.6; 48.1;1.8; 112.7;20137; 452.0; 353.2
05913; Dortmund, Kreisfreie Stadt;18.2%;16.4%;8.5%;26.7%;27.8%;20.6%;37.0%;8.2%;10.1%; 847.2;55.7%; 48.6;30.6%;89.8%; 2095.6; 21.1;68403;52200; 43.5;35200; 117.2; 61.9; 6.7; 90.4; 191.6; 488.0; 50.1;2.5; 130.5;19358; 286.2; 280.6
05914; Hagen, Kreisfreie Stadt;19.4%;17.5%;7.8%;23.6%;28.9%;22.3%;38.4%;6.4%;10.0%; 824.4;58.0%; 43.3;20.3%;87.1%; 1176.0; -6.8;64951;49700; 44.4;34100; 138.2; 63.3; 8.5; 90.8; 228.6; 516.0; 53.7;1.5; 101.5;20086; 56.4; 83.2
05915; Hamm, Kreisfreie Stadt;15.9%;17.5%;8.5%;24.6%;28.4%;21.0%;28.9%;7.6%;8.1%; 718.7;56.3%; 44.4;27.4%;89.6%; 794.5; 44.8;61724;45400; 43.6;33100; 121.2; 63.6; 10.0; 106.7; 181.8; 535.6; 57.5;1.0; 107.3;18404; 88.8; 233.2
05916; Herne, Kreisfreie Stadt;18.0%;16.3%;8.1%;24.2%;29.5%;21.9%;35.0%;8.7%;10.3%; 612.0;52.8%; 33.7;23.0%;86.2%; 3042.6; 4.8;58505;50400; 44.6;31200; 139.2; 78.4; 10.6; 90.9; 234.9; 490.0; 59.4;0.5; 190.0;17888; 109.5; 114.6
05954; Ennepe-Ruhr-Kreis;10.6%;15.5%;7.0%;22.5%;31.1%;23.9%;42.0%;4.9%;5.5%; 720.3;60.3%; 28.0;29.1%;91.0%; 791.2; -5.9;67500;49600; 46.2;40800; 134.1; 62.8; 5.9; 95.7; 185.3; 604.7; 52.8;1.8; 85.1;24614; 51.8; 18.3
05958; Hochsauerlandkreis;9.1%;16.4%;7.4%;22.4%;31.4%;22.3%;32.8%;4.2%;4.0%; 890.5;64.2%; 46.1;32.3%;94.5%; 132.5; -26.8;63521;43400; 45.3;39300; 123.0; 62.5; 8.0; 110.8; 194.0; 631.2; 52.8;15.7; 54.3;24103; -134.7; -140.8
05962; Märkischer Kreis;13.5%;16.8%;7.4%;22.6%;31.0%;22.2%;35.2%;7.8%;6.2%; 828.6;62.1%; 32.3;23.9%;90.5%; 386.6; -46.2;70626;47200; 45.1;40300; 128.9; 62.2; 6.9; 98.8; 201.3; 608.0; 53.4;1.0; 58.4;25063; -124.4; -148.0
05966; Olpe, Kreis;9.7%;17.1%;7.6%;23.4%;31.4%;20.5%;36.1%;6.0%;3.3%; 897.6;65.1%; 28.6;28.7%;95.0%; 188.1; -61.0;70185;45000; 44.3;44800; 110.4; 64.2; 6.3; 117.9; 221.1; 655.9; 50.9;4.5; 48.7;28044; -247.8; -175.8
05970; Siegen-Wittgenstein, Kreis;10.9%;16.4%;8.5%;24.1%;29.2%;21.8%;36.7%;4.5%;4.5%; 880.6;62.1%; 33.1;27.4%;94.3%; 244.5; -45.6;71248;49500; 44.4;39400; 117.5; 67.2; 7.2; 111.8; 209.5; 625.5; 41.3;3.0; 55.9;23513; -11.6; -104.1
05974; Soest, Kreis;9.7%;17.0%;7.5%;23.0%;30.8%;21.6%;38.5%;6.8%;5.0%; 797.5;61.9%; 37.4;31.3%;95.3%; 227.1; -3.9;68624;47800; 44.7;39700; 113.9; 61.8; 6.7; 95.6; 191.0; 620.2; 67.0;5.5; 65.8;22735; -112.6; -161.0
05978; Unna, Kreis;10.7%;16.3%;7.3%;22.5%;30.9%;23.0%;40.2%;6.5%;6.8%; 714.2;59.1%; 33.1;29.1%;89.8%; 727.0; 2.8;66649;47000; 45.5;36800; 128.3; 62.8; 6.7; 98.2; 209.9; 599.1; 49.8;1.1; 93.1;21498; -83.8; -127.9
06411; Darmstadt, Kreisfreie Stadt;20.3%;16.0%;11.5%;30.9%;24.3%;17.3%;50.5%;4.4%;5.0%; 1246.2;57.9%; 81.5;36.8%;95.9%; 1309.7; 42.1;91979;63000; 40.8;42300; 86.4; 81.5; 9.8; 99.9; 168.9; 456.9; 45.5;4.2; 64.7;22788; 630.8; 544.2
06412; Frankfurt am Main, Kreisfreie Stadt;29.5%;16.9%;7.6%;33.9%;25.9%;15.6%;37.6%;6.1%;5.0%; 1374.8;60.0%; 50.5;40.5%;90.1%; 3074.3; 136.2;98681;68000; 40.8;47400; 77.8; 106.3; 8.0; 95.0; 211.2; 446.7; 45.5;14.2; 75.9;22144; 829.4; 769.5
06413; Offenbach am Main, Kreisfreie Stadt;36.6%;18.6%;8.2%;30.7%;26.1%;16.4%;31.0%;5.4%;8.6%; 780.0;63.1%; 51.7;25.4%;85.7%; 2902.9; 118.6;68641;59200; 40.7;31500; 93.6; 103.6; 9.5; 83.4; 211.1; 434.8; 47.4;4.1; 117.9;18023; 532.3; 635.0
06414; Wiesbaden, Landeshauptstadt, Kreisfreie Stadt;19.8%;17.8%;8.1%;26.2%;27.7%;20.1%;36.0%;5.7%;6.3%; 1044.3;60.8%; 113.8;34.7%;91.7%; 1365.9; 4.7;95698;63500; 43.0;44400; 105.1; 96.4; 7.1; 83.8; 178.4; 521.7; 44.6;4.6; 58.1;25344; 286.2; 241.9
06431; Bergstraße, Landkreis;13.8%;16.3%;7.0%;22.9%;31.3%;22.5%;35.7%;3.4%;3.5%; 642.8;61.6%; 28.8;29.6%;95.2%; 375.7; 23.9;74352;46900; 45.4;41700; 112.4; 87.3; 3.5; 87.4; 194.4; 633.8; 50.5;2.9; 47.0;23935; -49.9; -85.1
06432; Darmstadt-Dieburg, Landkreis;14.7%;17.2%;7.5%;23.7%;30.6%;21.0%;33.1%;5.1%;4.3%; 579.3;62.4%; 27.8;26.8%;89.9%; 452.2; 15.0;75991;50700; 44.3;43400; 103.7; 85.5; 1.4; 91.5; 157.8; 625.5; 38.4;2.0; 56.1;23949; -105.6; -69.4
06433; Groß-Gerau, Landkreis;22.7%;17.9%;7.8%;26.3%;28.6%;19.3%;26.8%;5.2%;4.7%; 714.0;63.4%; 31.5;21.8%;89.7%; 608.6; 43.6;97745;64300; 42.9;38200; 95.1; 94.8; 3.8; 97.7; 192.0; 633.5; 39.3;4.6; 63.3;21093; 83.8; 162.2
06434; Hochtaunuskreis;16.7%;18.1%;6.7%;21.9%;30.7%;22.7%;44.7%;3.5%;3.4%; 868.4;60.0%; 33.6;36.6%;92.7%; 491.7; 14.8;89005;57600; 45.1;65400; 108.0; 98.8; 5.2; 78.6; 162.3; 704.6; 51.7;5.9; 52.0;33827; -144.9; -156.3
06435; Main-Kinzig-Kreis;15.9%;16.8%;7.4%;23.9%;30.2%;21.7%;23.1%;5.3%;4.1%; 694.7;62.1%; 31.1;27.8%;90.4%; 301.0; 38.2;78207;52300; 44.6;40300; 108.9; 93.1; 4.3; 94.9; 187.8; 606.7; 43.4;3.4; 47.9;23600; 41.5; 57.1
06436; Main-Taunus-Kreis;16.8%;18.2%;6.7%;24.0%;29.9%;21.2%;37.1%;3.6%;3.3%; 855.3;64.5%; 32.4;33.3%;93.3%; 1072.0; 34.6;101190;54100; 44.2;53800; 95.3; 110.6; 2.9; 84.5; 166.9; 793.7; 35.1;3.6; 52.8;27007; 33.9; 26.6
06437; Odenwaldkreis;14.1%;15.7%;7.1%;22.1%;31.2%;23.9%;25.7%;7.8%;4.4%; 650.1;60.9%; 30.0;28.1%;89.1%; 155.0; -9.8;65322;45000; 46.1;35100; 123.2; 81.5; 4.9; 90.7; 205.5; 637.6; 61.9;4.3; 57.6;21886; -183.8; -41.9
06438; Offenbach, Landkreis;19.6%;17.5%;7.2%;24.7%;29.3%;21.3%;35.1%;4.6%;4.0%; 745.2;63.0%; 30.2;24.8%;88.7%; 998.8; 48.5;92019;48200; 44.1;43600; 99.6; 111.3; 2.0; 88.8; 150.5; 599.9; 36.2;2.9; 45.7;23761; 116.7; 124.8
06439; Rheingau-Taunus-Kreis;12.5%;16.4%;7.1%;21.8%;31.5%;23.2%;36.9%;6.0%;3.9%; 576.3;60.0%; 26.1;34.5%;92.5%; 230.7; 0.2;68157;45200; 45.7;46200; 110.1; 95.5; 3.5; 85.9; 172.2; 642.7; 40.7;6.3; 41.1;24962; -184.7; -160.7
06440; Wetteraukreis;13.3%;16.9%;7.4%;23.8%;30.6%;21.3%;40.7%;5.5%;3.8%; 621.6;61.5%; 33.8;33.1%;92.9%; 280.1; 61.1;72575;49300; 44.6;43400; 109.7; 92.8; 4.5; 81.1; 218.8; 614.6; 59.1;3.7; 45.6;23660; -83.5; 8.0
06531; Gießen, Landkreis;12.6%;15.8%;10.9%;26.6%;27.1%;19.5%;33.1%;4.8%;5.3%; 773.1;55.2%; 46.5;33.3%;89.8%; 316.8; 67.2;67335;46500; 42.7;37600; 101.2; 89.6; 9.0; 84.2; 217.2; 562.3; 54.1;1.7; 41.2;20902; 341.7; 370.4
06532; Lahn-Dill-Kreis;11.1%;16.6%;7.4%;23.2%;30.4%;22.4%;19.4%;6.5%;4.8%; 795.4;60.7%; 34.2;27.3%;91.9%; 237.6; -18.1;66922;47400; 45.1;38600; 121.6; 71.1; 7.0; 102.9; 237.8; 634.4; 57.1;2.2; 30.1;23191; -101.6; -133.6
06533; Limburg-Weilburg, Landkreis;11.9%;16.6%;7.5%;23.1%;30.9%;21.8%;25.0%;5.7%;4.0%; 700.8;58.7%; 32.8;31.8%;96.5%; 232.8; -9.9;66557;39900; 44.9;39500; 123.5; 86.5; 6.0; 94.6; 212.7; 639.3; 51.4;3.1; 52.4;21869; -74.4; -49.0
06534; Marburg-Biedenkopf, Landkreis;12.0%;16.0%;10.7%;25.5%;27.9%;19.8%;33.7%;4.7%;3.7%; 779.6;57.5%; 37.6;34.7%;92.6%; 195.7; 17.7;69354;46400; 43.1;36700; 105.7; 113.9; 6.3; 101.8; 256.0; 569.7; 51.1;2.9; 33.5;20887; 170.1; 119.2
06535; Vogelsbergkreis;7.1%;15.1%;6.8%;21.3%;32.2%;24.6%;28.2%;5.6%;3.7%; 698.4;62.3%; 34.5;30.7%;93.8%; 72.4; -22.2;62497;36400; 47.0;34600; 135.4; 63.0; 6.6; 89.2; 250.8; 669.7; 62.0;5.1; 26.0;22626; -179.0; -76.0
06611; Kassel, Kreisfreie Stadt;19.0%;15.9%;10.1%;28.4%;26.0%;19.6%;36.5%;6.1%;7.3%; 1139.5;55.0%; 84.0;30.6%;87.0%; 1892.7; 27.3;67394;57300; 42.5;34200; 102.4; 80.5; 13.5; 90.3; 244.4; 443.2; 52.4;5.0; 83.6;19135; 357.2; 407.1
06631; Fulda, Landkreis;9.5%;16.9%;8.3%;24.0%;29.5%;21.3%;21.5%;5.8%;2.7%; 886.1;61.9%; 41.6;29.1%;95.0%; 161.7; 25.2;64904;39300; 44.2;37000; 107.5; 72.2; 7.0; 107.9; 239.0; 627.9; 65.8;7.8; 33.2;22598; 104.4; 19.3
06632; Hersfeld-Rotenburg, Landkreis;10.1%;16.2%;7.0%;22.0%;30.5%;24.3%;24.8%;3.4%;3.6%; 838.2;61.8%; 39.4;32.8%;87.1%; 110.0; -9.1;66760;42800; 46.0;33700; 124.0; 59.1; 8.6; 95.1; 246.9; 643.0; 54.7;9.7; 19.0;21184; -106.9; 19.5
06633; Kassel, Landkreis;7.4%;15.7%;6.7%;21.4%;31.2%;25.1%;24.6%;4.1%;3.6%; 675.4;62.4%; 25.7;34.6%;98.0%; 183.1; 5.5;75807;54400; 46.7;37400; 129.4; 62.2; 3.6; 95.1; 209.2; 621.9; 64.4;3.4; 73.0;22238; -54.4; -99.3
06634; Schwalm-Eder-Kreis;7.5%;15.7%;7.0%;22.3%;31.5%;23.5%;33.1%;6.5%;3.2%; 690.2;62.7%; 49.9;35.0%;94.5%; 116.7; -30.5;69507;46700; 46.1;35900; 131.6; 60.5; 3.6; 99.6; 230.3; 648.8; 61.8;3.7; 49.4;21546; -146.3; -125.0
06635; Waldeck-Frankenberg, Landkreis;8.7%;16.3%;7.2%;21.8%;31.4%;23.4%;20.8%;7.3%;3.4%; 869.6;64.7%; 37.6;29.2%;95.9%; 84.6; -34.9;67056;41200; 45.9;35300; 133.0; 58.7; 10.9; 100.0; 241.5; 656.8; 72.5;21.3; 40.8;21678; -155.8; -235.3
06636; Werra-Meißner-Kreis;7.8%;14.9%;7.2%;21.0%;31.1%;25.8%;20.0%;3.8%;4.7%; 678.3;58.5%; 42.3;32.5%;92.1%; 98.2; -38.5;59922;37800; 47.2;32700; 148.9; 51.1; 5.8; 89.3; 271.3; 614.4; 71.4;7.3; 47.8;20280; -294.2; -107.1
07111; Koblenz, Kreisfreie Stadt;14.0%;14.7%;9.7%;28.3%;25.5%;21.8%;51.9%;5.4%;5.5%; 1433.3;55.6%; 197.3;28.5%;93.7%; 1083.6; 2.5;74748;47200; 43.8;37600; 111.3; 85.3; 17.1; 93.1; 199.0; 545.2; 70.8;6.4; 84.7;21357; 270.6; 463.5
07131; Ahrweiler, Landkreis;9.8%;15.4%;7.2%;21.6%;31.0%;24.8%;44.0%;5.4%;3.4%; 677.9;60.0%; 35.2;31.2%;94.5%; 165.3; 27.6;62499;41400; 46.6;38000; 126.9; 84.4; 5.9; 105.2; 199.5; 648.0; 53.0;10.8; 59.8;23643; -19.5; -53.1
07132; Altenkirchen (Westerwald), Landkreis;7.8%;16.5%;7.3%;22.6%;31.0%;22.6%;35.2%;7.0%;4.2%; 682.7;61.4%; 30.9;26.5%;92.3%; 200.5; 7.8;63371;43200; 45.3;35600; 126.1; 66.5; 3.0; 94.5; 213.8; 641.1; 51.8;1.8; 33.4;21486; -52.4; -120.8
07133; Bad Kreuznach, Landkreis;10.7%;16.3%;6.9%;22.3%;30.9%;23.6%;37.2%;7.3%;5.5%; 735.5;60.8%; 38.7;32.1%;97.6%; 183.3; 16.7;64778;45500; 45.8;37600; 116.6; 77.1; 6.1; 91.1; 178.7; 622.5; 47.1;6.0; 49.5;22213; -11.8; -64.9
07134; Birkenfeld, Landkreis;9.4%;15.6%;7.3%;21.9%;30.8%;24.4%;30.6%;7.8%;5.6%; 771.8;59.9%; 69.5;24.1%;90.1%; 104.2; 28.6;62414;34800; 46.3;34300; 142.5; 60.1; 8.3; 89.4; 184.7; 639.8; 59.7;4.2; 38.1;21626; 207.2; 18.0
07135; Cochem-Zell, Landkreis;7.6%;15.0%;6.9%;21.1%;32.2%;24.7%;22.2%;8.1%;3.0%; 816.1;61.0%; 81.7;35.4%;98.7%; 88.6; -34.5;60707;38700; 47.0;35700; 138.1; 74.7; 6.9; 97.3; 250.9; 662.1; 66.1;27.3; 46.4;22726; -343.4; -183.5
07137; Mayen-Koblenz, Landkreis;8.3%;16.4%;7.2%;23.4%;30.8%;22.2%;33.0%;6.6%;3.1%; 708.5;60.3%; 32.9;33.8%;94.9%; 262.2; 8.2;69266;45900; 45.1;38800; 120.0; 70.0; 3.5; 107.2; 207.8; 637.8; 51.1;3.7; 62.2;22157; 64.8; 3.4
07138; Neuwied, Landkreis;10.0%;17.0%;7.4%;22.4%;30.8%;22.4%;26.4%;9.6%;4.6%; 738.9;61.2%; 32.0;27.5%;89.6%; 291.5; 47.7;68463;42500; 45.1;38200; 122.0; 81.6; 8.8; 98.8; 212.0; 646.5; 59.0;1.8; 50.5;23015; -28.7; 57.0
07140; Rhein-Hunsrück-Kreis;8.2%;16.1%;6.9%;22.4%;31.6%;23.1%;30.0%;7.4%;3.2%; 856.2;63.9%; 61.9;29.1%;96.6%; 104.1; 21.9;65338;42800; 45.8;38600; 123.8; 73.1; 4.3; 99.8; 208.6; 670.4; 56.2;7.0; 50.4;23978; -129.2; -74.7
07141; Rhein-Lahn-Kreis;9.1%;15.9%;6.8%;22.2%;31.5%;23.6%;35.3%;8.8%;2.8%; 654.7;60.6%; 52.2;32.8%;94.8%; 156.3; -0.9;64426;41400; 46.0;36900; 118.9; 75.8; 8.3; 100.8; 183.3; 646.6; 47.1;5.8; 65.6;22399; -59.0; -169.3
07143; Westerwaldkreis;8.9%;16.8%;7.0%;23.2%;31.5%;21.4%;26.5%;8.0%;2.8%; 767.3;62.3%; 36.7;30.3%;96.7%; 204.1; 15.2;71000;39500; 44.9;39800; 117.9; 74.2; 2.7; 101.1; 193.2; 665.7; 58.0;3.6; 56.2;24845; -47.8; -101.1
07211; Trier, Kreisfreie Stadt;14.9%;14.3%;11.9%;30.9%;25.1%;17.8%;39.6%;8.1%;4.9%; 1023.6;45.8%; 80.4;34.6%;95.2%; 952.7; 80.3;59740;50000; 41.7;32900; 100.9; 70.3; 14.3; 109.0; 154.6; 469.2; 56.9;7.6; 35.4;20582; 386.0; 486.8
07231; Bernkastel-Wittlich, Landkreis;10.5%;16.2%;6.8%;22.5%;31.3%;23.2%;32.5%;9.3%;3.0%; 813.2;61.2%; 44.3;31.2%;95.0%; 96.3; 19.7;63453;38400; 45.8;35900; 118.1; 64.5; 4.4; 104.6; 181.9; 655.8; 54.9;14.7; 27.4;22012; -93.3; -8.2
07232; Eifelkreis Bitburg-Prüm;13.5%;16.9%;7.1%;23.9%;31.1%;20.9%;32.7%;6.3%;2.4%; 651.9;47.8%; 32.2;29.7%;91.7%; 60.9; 50.3;66115;45600; 44.5;32900; 116.3; 60.1; 6.1; 100.0; 203.2; 658.7; 51.5;5.8; 35.1;22304; -18.1; 34.3
07233; Vulkaneifel, Landkreis;7.8%;15.2%;6.9%;21.5%;31.6%;24.7%;30.2%;6.1%;3.7%; 811.8;60.2%; 69.5;28.5%;94.7%; 66.5; 7.1;62966;42300; 46.8;35200; 132.9; 74.9; 3.8; 90.0; 210.2; 668.4; 58.3;23.6; 31.9;21665; -76.4; -176.1
07235; Trier-Saarburg, Landkreis;10.8%;17.1%;6.6%;23.6%;31.6%;21.1%;40.6%;8.5%;2.6%; 507.0;47.2%; 21.9;39.4%;98.0%; 135.5; 30.4;61728;41100; 44.8;35100; 108.8; 51.6; 2.3; 92.0; 166.9; 656.2; 55.6;7.2; 19.8;22990; -172.5; -35.0
07311; Frankenthal (Pfalz), Kreisfreie Stadt;18.2%;17.0%;7.2%;24.9%;28.0%;22.9%;38.8%;10.8%;6.7%; 764.7;52.6%; 73.7;18.2%;86.9%; 1111.3; 41.3;70404;67100; 44.7;34700; 120.6; 69.9; 6.5; 71.9; 160.8; 549.0; 58.1;2.1; 48.9;22288; 117.8; 195.4
07312; Kaiserslautern, Kreisfreie Stadt;17.4%;14.9%;10.8%;27.6%;26.3%;20.4%;43.7%;8.3%;8.6%; 1074.2;54.7%; 69.1;24.6%;87.3%; 716.0; 18.5;67337;50700; 43.1;33300; 125.6; 75.3; 11.7; 89.5; 170.9; 490.1; 61.5;0.0; 55.7;19105; 287.1; 381.9
07313; Landau in der Pfalz, Kreisfreie Stadt;10.5%;14.9%;12.1%;25.9%;27.6%;19.5%;50.2%;6.5%;4.7%; 1046.6;54.9%; 81.9;36.3%;102.5%; 565.2; 43.6;59997;38600; 42.8;39000; 101.5; 65.4; 18.3; 83.1; 240.1; 583.6; 59.8;2.4; 28.7;21531; 86.7; 461.1
07314; Ludwigshafen am Rhein, Kreisfreie Stadt;27.0%;18.4%;8.2%;27.3%;27.3%;18.8%;34.4%;13.2%;8.1%; 1125.7;60.2%; 50.5;21.9%;84.7%; 2224.6; 69.4;112656;74100; 42.2;36500; 108.2; 64.7; 12.2; 74.2; 182.5; 480.6; 49.5;0.0; 53.3;19589; 253.5; 426.2
07315; Mainz, Kreisfreie Stadt;18.2%;14.7%;11.0%;32.5%;24.2%;17.6%;52.0%;3.8%;5.3%; 1042.6;57.4%; 71.2;32.0%;95.1%; 2236.5; 67.0;76163;56300; 41.4;42000; 84.9; 84.6; 10.4; 92.6; 153.4; 457.8; 48.7;4.4; 57.4;21899; 567.5; 616.1
07316; Neustadt an der Weinstraße, Kreisfreie Stadt;10.9%;16.0%;6.6%;22.4%;30.4%;24.6%;64.0%;6.2%;5.1%; 845.7;60.8%; 64.3;26.6%;97.8%; 454.9; 21.8;58450;33600; 46.3;38800; 136.6; 76.1; 6.8; 90.9; 160.2; 611.0; 44.0;3.7; 54.4;26591; -25.5; -29.0
07317; Pirmasens, Kreisfreie Stadt;12.0%;15.3%;7.6%;21.8%;29.5%;25.8%;43.4%;8.4%;10.7%; 1099.0;57.1%; 65.2;20.6%;88.6%; 655.8; -42.7;56371;41700; 46.7;29900; 168.7; 84.3; 11.1; 92.8; 238.0; 563.0; 66.7;1.8; 63.3;19665; 182.8; 98.8
07318; Speyer, Kreisfreie Stadt;15.2%;16.0%;7.2%;23.7%;30.2%;22.9%;55.7%;3.2%;5.7%; 1227.3;60.2%; 67.0;36.8%;96.0%; 1183.8; 36.3;66211;55000; 45.5;43000; 126.8; 71.9; 12.8; 98.0; 186.4; 576.8; 81.8;5.4; 47.1;24063; 200.1; 222.9
07319; Worms, Kreisfreie Stadt;18.3%;17.3%;8.5%;25.3%;28.3%;20.6%;38.0%;6.0%;6.6%; 829.8;62.4%; 42.2;21.8%;92.1%; 768.3; 25.4;69669;53600; 43.4;35400; 115.9; 69.4; 8.4; 95.5; 172.4; 544.4; 69.2;2.0; 82.4;20593; 171.5; 282.3
07320; Zweibrücken, Kreisfreie Stadt;11.0%;15.6%;7.6%;24.8%;28.6%;23.4%;45.3%;6.4%;5.9%; 1030.9;60.1%; 94.9;33.9%;90.5%; 484.0; -4.7;73479;49400; 45.4;34500; 127.5; 90.1; 0.0; 85.8; 204.4; 609.1; 43.1;0.0; 35.8;20135; 158.4; 57.5
07331; Alzey-Worms, Landkreis;9.7%;17.1%;7.2%;23.2%;32.0%;20.5%;34.3%;6.9%;3.6%; 554.1;62.4%; 31.1;33.5%;97.6%; 220.5; 34.2;68912;39000; 44.4;41100; 109.2; 74.6; 4.6; 90.1; 160.7; 648.8; 42.5;1.2; 39.1;22895; -88.8; -142.9
07332; Bad Dürkheim, Landkreis;8.4%;15.5%;6.4%;21.1%;32.5%;24.5%;35.5%;9.0%;3.5%; 583.3;62.7%; 32.0;35.9%;97.1%; 223.1; 0.8;63695;43500; 46.8;45000; 128.4; 68.7; 3.8; 76.1; 148.4; 674.5; 53.9;6.3; 25.9;26194; -141.1; -184.5
07333; Donnersbergkreis;8.0%;16.7%;6.9%;22.0%;32.2%;22.1%;34.4%;11.6%;4.6%; 646.3;62.3%; 35.6;32.8%;97.3%; 116.7; 29.8;73567;45800; 45.4;36900; 120.7; 59.4; 2.7; 90.6; 197.1; 655.8; 63.4;1.9; 16.5;21671; -51.4; -71.7
07334; Germersheim, Landkreis;12.6%;17.0%;7.5%;24.3%;31.1%;20.2%;37.0%;6.1%;3.8%; 699.0;64.3%; 35.9;32.7%;97.4%; 278.5; -4.8;79460;57500; 44.1;38900; 105.8; 82.1; 2.5; 97.9; 178.8; 634.2; 39.9;1.4; 46.4;22724; -175.6; -28.3
07335; Kaiserslautern, Landkreis;9.0%;17.6%;6.9%;22.6%;30.9%;22.0%;35.1%;8.2%;4.8%; 513.3;59.4%; 31.9;27.3%;94.9%; 165.6; -7.4;63927;39200; 44.8;37500; 111.6; 72.3; 5.0; 91.2; 187.9; 638.3; 40.6;2.4; 41.1;21239; -209.1; -435.0
07336; Kusel, Landkreis;6.7%;15.4%;6.7%;21.4%;32.2%;24.4%;27.3%;9.9%;4.2%; 446.6;60.1%; 35.9;27.6%;91.6%; 122.4; -43.6;61585;37500; 46.7;34400; 130.6; 48.6; 0.0; 84.7; 202.5; 667.5; 46.9;1.3; 42.8;20734; -124.1; -173.3
07337; Südliche Weinstraße, Landkreis;7.7%;15.8%;6.6%;21.7%;32.4%;23.6%;36.0%;7.0%;3.5%; 657.3;62.1%; 32.0;35.6%;97.3%; 172.7; 14.9;63366;45800; 46.3;41100; 108.7; 70.1; 6.4; 88.1; 156.3; 686.1; 34.3;7.2; 15.6;24052; -179.2; -140.2
07338; Rhein-Pfalz-Kreis;10.4%;16.7%;6.5%;22.8%;31.1%;22.8%;19.4%;4.3%;3.4%; 466.7;65.6%; 19.6;34.8%;96.1%; 506.9; 26.4;63989;35600; 45.5;41300; 114.0; 79.1; 0.0; 99.8; 168.1; 653.1; 39.2;0.0; 38.2;25978; -167.4; -58.7
07339; Mainz-Bingen, Landkreis;10.3%;17.4%;6.9%;22.6%;32.0%;21.0%;44.6%;7.3%;3.4%; 590.0;62.6%; 35.1;40.2%;96.8%; 349.2; 25.0;92270;58200; 44.7;47600; 98.0; 73.9; 1.6; 92.3; 138.9; 658.9; 43.7;2.2; 34.4;26534; -156.9; -236.9
07340; Südwestpfalz, Landkreis;4.4%;14.2%;6.3%;20.8%;33.1%;25.6%;21.5%;5.5%;3.7%; 398.4;61.6%; 20.4;41.3%;97.9%; 99.5; -29.7;65134;35400; 47.8;36400; 137.4; 60.3; 2.2; 84.9; 188.6; 698.6; 35.5;3.5; 43.8;23064; -181.6; -237.7
08111; Stuttgart, Landeshauptstadt, Stadtkreis;25.0%;15.4%;8.4%;33.0%;25.3%;17.9%;41.4%;6.5%;4.1%; 1233.6;60.4%; 95.2;38.4%;92.8%; 3067.1; 17.0;101246;82000; 42.0;48000; 82.6; 65.1; 7.9; 99.4; 153.3; 475.4; 48.9;6.4; 52.8;25559; 534.4; 530.3
08115; Böblingen, Landkreis;18.6%;18.0%;7.3%;26.0%;28.7%;20.0%;30.0%;5.9%;2.8%; 912.8;66.6%; 37.9;28.1%;92.6%; 635.9; 29.8;109283;70000; 43.3;46800; 91.9; 73.6; 2.8; 107.2; 161.2; 646.0; 41.4;3.0; 47.0;25284; 66.2; 99.2
08116; Esslingen, Landkreis;17.6%;16.9%;7.9%;25.6%;29.1%;20.5%;33.2%;4.2%;3.2%; 824.0;65.7%; 36.9;27.4%;93.9%; 834.3; 21.8;78441;57300; 43.8;45600; 97.2; 77.2; 3.6; 98.0; 166.2; 617.6; 44.5;3.0; 43.5;25449; 150.6; 97.8
08117; Göppingen, Landkreis;17.0%;17.0%;7.6%;24.1%;29.6%;21.7%;26.0%;6.8%;3.5%; 742.6;63.6%; 35.6;23.2%;94.0%; 401.9; 34.6;70280;49800; 44.5;41200; 110.4; 75.4; 4.9; 103.6; 185.0; 636.6; 46.2;2.4; 50.6;24167; 3.7; 5.8
08118; Ludwigsburg, Landkreis;18.1%;17.6%;7.4%;26.1%;29.0%;19.9%;31.5%;5.1%;2.8%; 752.6;66.2%; 39.2;28.7%;95.4%; 794.2; 26.4;94114;62200; 43.4;47100; 91.8; 76.0; 3.2; 110.2; 164.8; 605.7; 49.1;2.0; 61.7;25873; 121.4; 102.3
08119; Rems-Murr-Kreis, Landkreis;16.2%;17.2%;7.6%;24.1%;29.9%;21.2%;25.9%;6.4%;3.1%; 751.3;65.3%; 36.3;25.4%;94.8%; 497.9; 25.5;71952;52600; 44.3;44800; 101.5; 73.9; 3.1; 102.6; 177.0; 614.9; 47.2;1.7; 42.6;25200; 41.9; 20.7
08121; Heilbronn, , Universitätsstadt, Stadtkreis;26.1%;17.5%;8.7%;28.1%;26.3%;19.4%;27.5%;5.7%;4.7%; 1174.0;65.6%; 83.2;24.6%;95.7%; 1267.2; 50.0;67808;49000; 42.4;59200; 104.8; 81.7; 8.2; 88.2; 220.2; 529.6; 70.9;3.3; 75.7;31953; 441.4; 459.3
08125; Heilbronn, Landkreis;14.8%;17.6%;7.6%;25.3%;30.1%;19.4%;24.8%;4.6%;2.8%; 793.5;67.2%; 26.1;25.9%;94.1%; 313.2; 40.4;95681;55800; 43.4;45100; 95.4; 72.5; 3.6; 95.9; 181.5; 703.8; 53.2;4.1; 40.6;24555; 50.2; -19.1
08126; Hohenlohekreis, Landkreis;11.5%;17.3%;8.0%;24.8%;30.2%;19.7%;20.1%;5.9%;2.4%; 968.9;69.6%; 36.9;23.2%;94.7%; 145.0; 57.4;76662;46100; 43.5;45500; 99.8; 60.4; 2.5; 93.3; 205.5; 732.0; 63.4;3.8; 22.3;24238; 60.7; 88.0
08127; Schwäbisch Hall, Landkreis;11.9%;17.8%;7.8%;25.2%;29.7%;19.5%;23.2%;5.8%;2.7%; 871.8;66.9%; 35.9;22.7%;94.5%; 132.6; 45.8;70627;46000; 43.2;42100; 102.4; 62.8; 3.8; 97.0; 208.3; 648.0; 54.3;3.1; 32.5;23644; 26.5; 64.7
08128; Main-Tauber-Kreis, Landkreis;9.7%;16.4%;7.4%;23.0%;30.4%;22.8%;22.2%;4.3%;2.6%; 919.5;66.7%; 47.8;29.7%;94.5%; 101.5; 5.9;65393;43600; 45.3;38900; 114.2; 57.2; 7.8; 104.9; 215.9; 666.3; 61.4;8.6; 28.9;23055; -99.9; -106.0
08135; Heidenheim, Landkreis;15.9%;17.2%;7.7%;24.1%;29.1%;21.9%;30.1%;5.2%;3.8%; 797.6;65.3%; 31.3;23.9%;95.1%; 211.7; 23.0;72161;51500; 44.5;38500; 112.2; 65.5; 4.1; 100.5; 179.2; 622.7; 51.4;1.7; 31.0;22488; 17.0; -15.3
08136; Ostalbkreis, Landkreis;11.2%;17.2%;8.2%;24.2%;29.6%;20.8%;29.1%;5.4%;2.8%; 835.9;64.0%; 41.1;25.8%;95.1%; 207.8; 0.7;78856;56200; 43.9;42600; 113.4; 64.5; 3.4; 104.7; 169.8; 645.9; 49.3;2.7; 44.0;24387; 41.7; -52.5
08211; Baden-Baden, Stadtkreis;20.1%;14.6%;6.8%;22.8%;29.7%;26.1%;50.7%;7.3%;4.3%; 1240.4;62.9%; 46.7;34.3%;89.7%; 393.6; 11.2;67986;49400; 47.2;47900; 142.9; 98.1; 14.6; 106.8; 166.1; 625.4; 62.3;18.4; 59.4;31018; 132.6; 118.1
08212; Karlsruhe, Stadtkreis;18.8%;14.3%;11.0%;30.4%;25.7%;18.5%;41.5%;5.9%;3.9%; 1104.1;57.0%; 83.5;39.7%;93.1%; 1799.4; -33.0;82321;62200; 42.3;41100; 95.0; 70.7; 8.6; 100.3; 174.2; 449.4; 56.3;3.7; 60.9;22687; 351.4; 358.1
08215; Karlsruhe, Landkreis;13.6%;16.7%;7.3%;24.1%;30.5%;21.4%;26.3%;6.5%;2.8%; 739.2;65.0%; 30.7;34.7%;93.5%; 410.2; 19.5;77931;49400; 44.6;42500; 107.9; 76.2; 2.1; 99.7; 188.9; 621.4; 52.5;2.3; 41.2;23926; 21.0; 10.6
08216; Rastatt, Landkreis;14.4%;16.4%;7.2%;23.7%;30.9%;21.8%;21.0%;5.5%;2.9%; 800.7;67.4%; 33.7;31.1%;92.7%; 313.4; 17.4;84426;54300; 45.0;41000; 112.2; 69.6; 1.9; 93.0; 185.3; 648.9; 41.1;2.6; 44.1;23235; -21.5; -88.4
08221; Heidelberg, Stadtkreis;20.3%;14.4%;13.3%;33.2%;22.6%;16.5%;52.1%;3.1%;4.0%; 1084.1;47.3%; 87.4;44.6%;92.6%; 1483.8; 70.2;71862;62800; 40.4;47800; 72.6; 77.5; 18.8; 100.5; 169.2; 376.8; 49.6;10.3; 47.1;23515; 497.5; 487.9
08222; Mannheim, Stadtkreis;23.9%;15.4%;10.0%;29.9%;26.3%;18.3%;37.1%;8.0%;5.3%; 1141.1;60.8%; 56.5;29.5%;87.3%; 2142.9; 41.5;82727;64200; 42.2;37400; 109.7; 84.6; 7.7; 91.5; 215.0; 488.2; 57.6;5.2; 93.5;20937; 499.9; 489.2
08225; Neckar-Odenwald-Kreis, Landkreis;10.2%;16.5%;7.6%;22.8%;31.2%;21.9%;32.7%;6.1%;3.0%; 722.5;64.7%; 44.8;26.3%;94.8%; 127.6; 6.8;67957;42400; 45.0;38300; 117.5; 65.6; 3.5; 98.4; 252.1; 646.6; 64.4;3.7; 44.8;22316; -134.2; -59.4
08226; Rhein-Neckar-Kreis, Landkreis;12.9%;16.9%;7.2%;24.0%;30.3%;21.7%;34.0%;5.9%;3.5%; 679.4;63.5%; 26.1;34.6%;93.9%; 516.6; 13.3;77919;51700; 44.6;44600; 106.7; 81.5; 2.8; 103.9; 187.7; 637.3; 46.1;2.7; 39.9;25201; -6.3; -5.4
08231; Pforzheim, Stadtkreis;27.2%;18.0%;8.6%;26.9%;26.4%;20.1%;33.8%;8.5%;5.6%; 945.8;63.1%; 50.2;20.3%;83.1%; 1285.4; 33.0;65650;45100; 42.7;36900; 112.0; 73.2; 9.7; 104.9; 253.9; 488.1; 72.4;1.8; 44.4;22887; 162.4; 326.0
08235; Calw, Landkreis;15.4%;17.3%;7.7%;23.5%;30.5%;21.1%;22.9%;5.8%;2.9%; 653.1;66.4%; 42.9;28.1%;94.7%; 199.7; 50.6;67673;45300; 44.3;41700; 103.5; 73.2; 7.9; 102.9; 204.1; 650.6; 56.8;8.7; 30.5;23767; -11.3; -123.4
08236; Enzkreis, Landkreis;13.4%;17.2%;7.6%;23.2%;30.7%;21.4%;22.7%;6.6%;2.3%; 664.8;65.9%; 23.5;28.2%;95.2%; 347.9; 32.7;71502;46100; 44.6;44500; 102.1; 68.1; 1.6; 124.6; 211.5; 655.8; 50.3;1.2; 35.0;25496; -72.8; -64.6
08237; Freudenstadt, Landkreis;12.3%;17.2%;7.8%;23.5%;30.7%;20.8%;22.5%;6.9%;2.8%; 823.4;67.9%; 36.1;24.4%;93.2%; 135.8; 26.1;72645;50600; 44.3;43000; 110.2; 58.6; 4.1; 99.7; 197.3; 642.1; 64.8;14.2; 35.3;24607; -84.9; -40.8
08311; Freiburg im Breisgau, Stadtkreis;17.3%;15.9%;11.6%;31.6%;24.2%;16.7%;46.5%;7.5%;4.9%; 1097.6;52.5%; 92.9;44.9%;99.8%; 1510.7; 41.3;66022;53100; 40.6;39000; 84.1; 64.1; 9.8; 108.6; 170.0; 401.2; 54.6;7.9; 46.1;22016; 396.9; 469.3
08315; Breisgau-Hochschwarzwald, Landkreis;12.1%;17.4%;7.5%;23.1%;29.9%;22.1%;32.0%;4.6%;2.7%; 722.6;62.5%; 28.4;33.9%;91.7%; 191.2; 30.6;64472;47000; 44.6;42500; 96.8; 76.9; 5.1; 101.8; 150.9; 596.4; 40.9;18.9; 37.5;24778; 21.5; -96.0
08316; Emmendingen, Landkreis;10.8%;17.3%;7.4%;23.5%;30.5%;21.3%;21.9%;6.6%;2.5%; 717.6;65.7%; 36.8;33.8%;96.1%; 244.8; 61.8;69292;48400; 44.4;39900; 98.4; 73.4; 6.2; 107.2; 174.0; 602.1; 44.4;4.2; 59.0;23285; -59.3; -12.3
08317; Ortenaukreis, Landkreis;12.2%;17.3%;7.6%;23.9%;30.1%;21.1%;28.3%;5.1%;2.9%; 896.5;66.8%; 54.1;33.2%;94.8%; 232.9; 34.3;69700;45000; 44.2;39700; 107.8; 65.7; 5.3; 114.0; 194.2; 624.5; 57.2;9.4; 34.2;23467; 11.7; -17.2
08325; Rottweil, Landkreis;12.1%;17.6%;7.6%;23.4%;30.2%;21.2%;29.3%;5.6%;2.3%; 876.2;66.9%; 40.5;24.9%;94.1%; 181.8; 30.3;78470;47700; 44.2;41100; 109.5; 69.6; 6.0; 109.5; 186.7; 662.8; 49.0;2.4; 42.0;25198; -13.6; -41.4
08326; Schwarzwald-Baar-Kreis, Landkreis;15.9%;16.9%;7.7%;24.2%;28.9%;22.4%;23.3%;6.3%;3.0%; 906.6;65.6%; 51.8;27.6%;94.5%; 207.3; 5.9;67178;46200; 44.7;40000; 112.5; 62.9; 6.1; 95.3; 184.4; 611.4; 54.8;8.0; 50.6;24677; -43.3; -183.6
08327; Tuttlingen, Landkreis;17.2%;18.6%;7.9%;25.2%;28.6%;19.7%;22.4%;6.4%;2.7%; 982.0;67.6%; 40.6;23.3%;94.5%; 191.7; 43.7;76411;47600; 42.9;44700; 103.9; 63.0; 2.6; 111.5; 180.0; 621.9; 46.1;2.3; 35.4;25423; 42.6; 92.3
08335; Konstanz, Landkreis;15.4%;16.4%;9.7%;24.4%;28.5%;21.0%;30.5%;5.8%;3.1%; 791.2;57.2%; 54.2;31.7%;93.6%; 350.0; 34.3;66433;50700; 43.8;41700; 102.4; 79.0; 5.8; 101.0; 166.2; 555.2; 46.5;9.6; 28.3;24862; 188.6; 54.6
08336; Lörrach, Landkreis;15.4%;17.7%;7.2%;24.1%;30.4%;20.5%;30.6%;5.3%;3.4%; 736.8;52.0%; 40.2;27.0%;94.7%; 283.6; 4.2;70209;51000; 44.0;46800; 102.3; 62.0; 3.7; 112.4; 164.7; 592.4; 48.4;5.9; 29.6;26870; -94.8; -61.6
08337; Waldshut, Landkreis;16.0%;17.9%;7.3%;23.7%;29.6%;21.5%;21.2%;6.7%;2.9%; 722.8;52.1%; 36.9;23.5%;95.7%; 151.2; 22.5;66780;46100; 44.2;44000; 108.5; 67.2; 4.2; 93.8; 155.4; 620.9; 52.9;7.9; 35.0;25304; -145.2; -123.1
08415; Reutlingen, Landkreis;15.9%;17.4%;7.9%;24.3%;29.6%;20.8%;28.9%;5.4%;3.3%; 846.6;65.1%; 41.9;30.2%;93.7%; 279.3; 10.0;73350;51000; 43.9;42900; 98.6; 74.3; 4.4; 111.0; 175.7; 619.3; 42.1;4.0; 27.8;24603; -40.5; -58.7
08416; Tübingen, Landkreis;13.7%;16.8%;11.3%;27.3%;27.1%;17.6%;40.8%;5.7%;2.6%; 747.4;57.7%; 64.9;37.5%;95.2%; 440.5; 59.1;66627;47600; 41.5;44000; 82.1; 60.6; 8.6; 107.5; 172.7; 545.0; 43.9;1.8; 36.4;23472; 233.7; 257.5
08417; Zollernalbkreis, Landkreis;13.2%;16.4%;7.5%;23.3%;30.6%;22.2%;18.2%;5.1%;3.2%; 776.8;65.4%; 33.6;28.9%;91.9%; 206.4; 22.6;70378;46400; 45.1;42000; 115.6; 67.1; 2.9; 113.8; 191.7; 668.6; 47.1;1.8; 41.3;25523; -34.9; -61.2
08421; Ulm, Stadtkreis;20.2%;16.3%;10.2%;29.9%;25.2%;18.5%;42.8%;4.7%;3.3%; 1468.9;62.7%; 111.8;33.9%;94.2%; 1068.3; 36.4;76650;58900; 41.8;44600; 91.7; 73.0; 12.2; 100.8; 191.2; 524.1; 62.9;5.8; 38.0;26204; 452.8; 437.7
08425; Alb-Donau-Kreis, Landkreis;13.7%;18.2%;8.0%;24.6%;29.7%;19.5%;21.1%;5.2%;2.3%; 633.0;66.9%; 29.0;22.9%;94.8%; 145.1; 52.3;74434;47300; 43.2;42300; 95.4; 70.4; 2.2; 107.2; 179.2; 640.4; 48.6;2.6; 20.7;23761; -33.0; 0.7
08426; Biberach, Landkreis;11.0%;18.7%;7.8%;25.3%;29.5%;18.8%;21.9%;7.7%;2.0%; 876.0;67.4%; 44.1;25.0%;95.1%; 142.8; 76.8;90353;51600; 42.7;43500; 93.6; 61.4; 4.0; 113.1; 181.6; 643.7; 48.8;4.1; 15.0;24332; 9.9; -11.4
08435; Bodenseekreis, Landkreis;13.9%;16.7%;7.4%;23.8%;29.3%;22.8%;27.3%;8.1%;2.3%; 917.2;66.6%; 36.0;30.1%;95.6%; 327.1; 57.3;89038;63700; 44.9;44200; 102.6; 79.3; 3.5; 107.8; 147.3; 628.8; 39.8;14.8; 36.6;26548; 74.7; 82.8
08436; Ravensburg, Landkreis;11.5%;17.6%;8.5%;24.7%;29.2%;20.0%;25.6%;6.7%;2.4%; 888.9;64.7%; 39.6;25.8%;94.6%; 174.9; 40.0;74034;44300; 43.3;42000; 96.3; 72.7; 6.1; 108.9; 181.2; 620.8; 44.4;10.9; 26.4;23680; 81.2; 34.0
08437; Sigmaringen, Landkreis;11.1%;17.3%;8.3%;23.3%;30.5%;20.7%;29.4%;7.1%;2.7%; 817.2;64.2%; 59.8;27.5%;92.9%; 108.7; -1.8;68838;44200; 44.0;38800; 106.3; 68.2; 5.1; 110.4; 192.2; 646.9; 44.3;4.9; 24.5;22818; -193.9; -149.5
09161; Ingolstadt;19.1%;16.9%;7.8%;30.5%;26.3%;18.5%;32.4%;3.2%;2.9%; 1380.9;68.0%; 60.5;26.6%;88.5%; 1030.3; 30.0;135780;0; 42.2;47300; 92.2; 83.0; 9.6; 106.1; 128.9; 715.1; 49.0;4.1; 70.7;24072; 319.1; 339.5
09162; München, Landeshauptstadt;26.3%;15.9%;8.1%;33.5%;25.1%;17.5%;35.7%;5.5%;3.5%; 1114.5;67.6%; 74.0;36.4%;89.0%; 4777.0; 86.1;103335;88900; 41.6;53500; 76.8; 68.9; 7.7; 84.6; 119.9; 493.2; 30.2;12.4; 51.9;28945; 812.4; 781.4
09163; Rosenheim;21.5%;16.4%;8.6%;28.3%;26.6%;20.1%;36.8%;5.2%;3.9%; 1195.8;62.9%; 94.5;21.9%;87.9%; 1707.4; 35.8;65574;52000; 43.0;39700; 97.6; 115.7; 12.1; 72.6; 124.7; 544.5; 38.6;3.8; 55.2;23425; 448.5; 387.2
09171; Altötting, Landkreis;11.9%;17.1%;7.4%;23.6%;29.9%;22.0%;22.5%;3.9%;2.8%; 882.3;65.1%; 25.9;21.8%;94.0%; 195.9; 27.5;88044;61200; 44.6;39700; 118.0; 72.4; 5.3; 99.9; 156.4; 626.1; 63.2;2.7; 37.6;23409; -40.5; 38.5
09172; Berchtesgadener Land, Landkreis;16.5%;15.6%;7.6%;24.7%;28.4%;23.8%;24.8%;4.5%;3.3%; 826.6;55.1%; 60.8;16.0%;88.7%; 126.1; 19.6;63642;45400; 45.5;37400; 105.1; 84.1; 6.4; 87.6; 131.4; 607.1; 56.7;28.2; 36.4;22779; 102.8; 92.0
09173; Bad Tölz-Wolfratshausen, Landkreis;13.0%;17.2%;7.5%;23.8%;30.0%;21.5%;32.2%;3.9%;2.1%; 695.0;63.5%; 25.4;22.2%;89.2%; 115.2; 54.1;64773;48000; 44.4;47500; 100.4; 101.4; 5.1; 88.0; 136.0; 620.9; 38.8;9.8; 26.5;26988; -28.1; -11.2
09174; Dachau, Landkreis;16.2%;17.7%;7.6%;26.6%;29.5%;18.6%;25.1%;9.4%;1.8%; 614.5;68.1%; 31.4;28.1%;93.5%; 267.5; 65.7;70448;47500; 42.9;48100; 88.8; 98.9; 3.0; 80.7; 147.2; 592.2; 58.4;2.3; 34.8;25372; 118.9; 15.1
09175; Ebersberg, Landkreis;14.1%;18.6%;7.8%;25.1%;29.9%;18.7%;38.4%;3.2%;1.8%; 636.5;66.4%; 25.1;31.4%;92.9%; 261.5; 105.5;77920;47400; 42.8;53000; 88.3; 102.3; 2.3; 90.6; 113.8; 586.4; 44.0;3.1; 32.1;27626; 104.5; 141.7
09176; Eichstätt, Landkreis;9.5%;18.8%;8.1%;26.1%;29.2%;17.8%;26.7%;2.8%;1.3%; 660.2;65.2%; 35.2;25.9%;93.9%; 109.5; 40.7;77944;37300; 42.1;48700; 84.5; 65.8; 3.5; 100.8; 135.3; 623.4; 40.8;6.9; 30.2;24531; -90.6; -175.0
09177; Erding, Landkreis;12.0%;18.0%;8.0%;25.8%;31.0%;17.1%;23.6%;3.0%;1.8%; 642.6;67.3%; 36.6;24.1%;92.6%; 158.7; 37.8;69012;40500; 42.4;46300; 86.2; 86.9; 3.1; 92.7; 126.9; 636.3; 48.6;10.1; 25.0;24958; 23.8; 55.8
09178; Freising, Landkreis;17.9%;17.5%;8.9%;28.4%;29.2%;16.0%;24.2%;5.2%;2.0%; 896.1;67.9%; 58.3;26.9%;91.1%; 225.1; 49.6;78798;58000; 41.4;45100; 79.4; 93.2; 2.0; 82.2; 119.0; 598.3; 41.9;5.9; 38.0;23977; 137.8; 266.6
09179; Fürstenfeldbruck, Landkreis;15.3%;17.6%;7.3%;24.5%;28.9%;21.7%;39.3%;3.5%;2.5%; 561.1;65.0%; 34.2;29.8%;91.8%; 504.4; -0.4;72266;47300; 44.2;48700; 90.9; 91.8; 1.7; 92.2; 116.6; 555.1; 45.7;1.4; 34.7;26482; -139.4; -79.7
09180; Garmisch-Partenkirchen, Landkreis;13.5%;15.2%;7.3%;22.7%;29.6%;25.2%;34.2%;2.5%;2.7%; 819.3;61.0%; 56.8;21.8%;89.1%; 87.4; -4.9;57079;0; 46.4;40100; 112.0; 86.8; 15.8; 82.4; 135.7; 581.8; 47.5;40.0; 25.1;26116; 104.8; 3.2
09181; Landsberg am Lech, Landkreis;8.9%;17.6%;7.8%;23.2%;31.2%;20.1%;29.5%;6.4%;2.2%; 717.8;61.4%; 39.2;24.2%;93.5%; 149.6; 19.2;70958;48200; 43.9;47600; 93.5; 97.0; 4.0; 130.0; 129.1; 667.4; 28.9;2.6; 20.7;25997; -162.6; -230.0
09182; Miesbach, Landkreis;12.7%;16.6%;7.1%;23.2%;30.5%;22.6%;24.7%;3.7%;2.2%; 834.0;63.3%; 30.9;24.5%;91.6%; 115.5; 28.4;67137;42800; 45.2;51300; 109.4; 120.9; 4.6; 83.2; 112.7; 650.9; 44.6;23.1; 35.4;29853; -6.9; -77.5
09183; Mühldorf a.Inn, Landkreis;12.4%;17.2%;7.8%;24.9%;30.1%;20.1%;21.9%;5.2%;3.0%; 753.3;64.3%; 29.0;22.5%;91.0%; 143.9; 53.8;69030;43700; 43.7;40600; 110.5; 87.7; 3.1; 104.8; 161.6; 632.0; 70.9;1.7; 51.0;23918; -28.0; 9.2
09184; München, Landkreis;18.0%;18.1%;7.9%;25.1%;28.4%;20.5%;50.2%;2.5%;2.2%; 1321.3;64.1%; 48.7;43.6%;96.8%; 527.6; 45.8;133330;70900; 43.4;62000; 89.7; 149.0; 3.9; 90.1; 116.5; 703.8; 49.6;7.3; 40.8;31338; 171.7; 189.1
09185; Neuburg-Schrobenhausen, Landkreis;10.7%;17.7%;7.7%;25.4%;29.9%;19.3%;18.5%;6.0%;1.9%; 707.2;66.8%; 45.6;23.7%;91.6%; 131.5; 64.2;77335;39300; 43.3;42000; 97.9; 67.5; 4.7; 83.2; 132.0; 662.3; 50.0;1.7; 14.4;23826; 51.2; 37.9
09186; Pfaffenhofen a.d.Ilm, Landkreis;11.7%;17.7%;7.6%;26.5%;29.9%;18.3%;19.5%;5.5%;1.6%; 693.6;67.0%; 36.5;27.1%;94.2%; 168.5; 84.3;101552;64200; 42.8;47100; 100.1; 86.4; 2.6; 78.4; 135.2; 646.0; 49.3;2.4; 35.8;26363; 80.6; 72.6
09187; Rosenheim, Landkreis;10.2%;17.1%;7.5%;23.5%;30.4%;21.6%;24.3%;2.9%;2.2%; 730.7;61.8%; 22.9;22.5%;92.6%; 181.5; 13.3;68026;44000; 44.5;44800; 104.4; 102.7; 10.3; 97.2; 137.8; 645.0; 68.7;9.9; 26.5;26006; -70.3; -115.3
09188; Starnberg, Landkreis;14.6%;17.9%;7.2%;21.5%;30.4%;23.0%;38.8%;3.8%;2.4%; 848.6;58.8%; 31.2;33.3%;94.6%; 280.2; 42.2;89546;62800; 45.2;68300; 98.2; 109.3; 8.9; 92.7; 120.5; 633.2; 39.5;6.0; 36.7;39026; -112.5; -86.6
09189; Traunstein, Landkreis;10.3%;16.3%;7.4%;23.5%;29.9%;22.9%;26.6%;4.1%;2.6%; 846.3;62.9%; 36.1;18.5%;89.3%; 115.6; 13.0;74197;50800; 45.2;41300; 111.6; 88.7; 5.3; 87.8; 132.6; 644.6; 50.8;17.0; 31.3;24860; -106.8; -55.5
09190; Weilheim-Schongau, Landkreis;9.6%;17.3%;7.4%;23.1%;30.2%;21.9%;23.6%;5.6%;2.1%; 846.3;63.9%; 37.8;23.6%;93.4%; 140.2; 9.6;75452;52600; 44.6;42700; 103.2; 91.0; 3.2; 103.8; 145.8; 639.5; 41.2;4.4; 21.2;25330; -55.9; -253.4
09261; Landshut;20.0%;15.7%;8.3%;28.5%;27.1%;20.5%;32.6%;5.8%;4.2%; 1178.4;62.7%; 113.1;26.8%;94.3%; 1115.2; 138.1;71769;59000; 43.5;44300; 106.6; 68.3; 18.0; 95.5; 157.7; 510.0; 85.8;4.4; 104.2;25048; 421.0; 451.7
09262; Passau;16.8%;13.1%;11.8%;28.8%;24.9%;21.4%;37.9%;7.2%;4.2%; 1522.7;53.9%; 108.4;30.2%;96.9%; 759.1; 63.5;65240;48900; 43.5;35800; 116.1; 110.6; 14.1; 97.2; 283.2; 532.9; 89.2;11.4; 23.8;21539; 123.6; 339.0
09263; Straubing;17.3%;14.6%;7.7%;27.2%;28.9%;21.6%;33.3%;5.2%;4.5%; 1298.7;62.3%; 104.2;22.4%;91.5%; 707.1; -0.6;60786;43700; 44.7;38400; 122.6; 81.0; 9.5; 92.1; 215.3; 565.5; 88.1;3.4; 24.7;22363; 223.7; 148.7
09271; Deggendorf, Landkreis;9.5%;15.8%;8.3%;24.6%;30.6%;20.7%;21.4%;5.0%;2.6%; 880.5;63.5%; 56.4;21.5%;93.1%; 138.7; 12.7;67171;41900; 44.3;38900; 105.9; 82.2; 11.1; 96.1; 212.5; 643.1; 68.4;3.4; 25.1;22645; 33.3; 93.2
09272; Freyung-Grafenau, Landkreis;5.2%;15.1%;7.6%;22.5%;32.5%;22.3%;22.0%;6.1%;2.5%; 739.3;61.9%; 38.9;22.2%;93.8%; 79.6; 0.9;60676;33500; 45.7;33800; 117.3; 68.3; 5.2; 103.2; 257.5; 660.6; 48.2;17.6; 20.1;21251; -22.2; -168.0
09273; Kelheim, Landkreis;12.8%;17.6%;8.0%;25.6%;30.0%;18.8%;23.5%;6.6%;2.3%; 680.5;66.0%; 26.4;20.4%;88.8%; 115.5; 65.2;71133;44900; 43.0;41300; 96.6; 79.9; 3.3; 85.5; 152.0; 644.5; 51.3;7.6; 37.3;23532; 19.9; -15.9
09274; Landshut, Landkreis;10.3%;17.8%;7.7%;24.7%;31.0%;18.9%;11.5%;4.9%;2.5%; 654.3;65.5%; 21.1;24.6%;91.4%; 118.7; 75.1;82608;47700; 43.2;44100; 91.3; 92.2; 1.2; 93.4; 135.9; 668.3; 46.4;1.4; 31.7;24192; 73.7; -62.7
09275; Passau, Landkreis;8.5%;15.8%;7.5%;23.2%;31.2%;22.4%;20.1%;5.6%;2.8%; 716.9;62.1%; 17.3;24.7%;93.0%; 125.9; 31.9;64130;38000; 45.4;36300; 114.6; 74.0; 3.5; 101.2; 220.1; 652.6; 58.0;22.8; 23.0;22319; -21.0; -108.7
09276; Regen, Landkreis;6.7%;15.4%;7.5%;23.2%;31.3%;22.7%;23.9%;3.4%;3.1%; 801.9;62.0%; 43.5;21.4%;92.9%; 79.4; -31.7;60680;37900; 45.5;35000; 121.6; 71.2; 4.1; 112.7; 193.3; 632.1; 50.6;28.2; 41.7;21380; -39.2; -184.4
09277; Rottal-Inn, Landkreis;10.6%;16.2%;8.0%;23.7%;30.4%;21.6%;19.2%;6.0%;3.0%; 743.7;62.2%; 28.8;22.0%;91.2%; 94.8; 69.6;66049;33800; 44.7;38600; 116.3; 86.2; 5.3; 105.4; 194.9; 673.0; 58.8;7.6; 19.9;23422; 29.1; 175.4
09278; Straubing-Bogen, Landkreis;7.6%;17.1%;7.6%;24.0%;31.5%;19.8%;24.9%;3.4%;2.4%; 606.6;65.1%; 33.8;23.1%;92.3%; 84.2; 46.7;66912;36700; 43.9;40400; 99.3; 75.4; 3.9; 110.9; 172.6; 669.1; 36.5;6.5; 50.0;23635; -94.3; -199.2
09279; Dingolfing-Landau, Landkreis;12.4%;16.6%;7.7%;25.8%;30.7%;19.2%;23.2%;4.0%;2.9%; 1031.5;68.8%; 31.0;21.0%;91.2%; 110.2; 48.3;100560;63400; 43.6;37900; 97.0; 72.1; 1.3; 103.7; 184.2; 700.1; 51.7;1.9; 14.0;24674; 27.2; -75.2
09361; Amberg;11.7%;15.0%;7.6%;24.8%;28.9%;23.6%;30.3%;5.6%;4.2%; 1349.2;63.3%; 96.5;23.7%;88.6%; 842.0; 56.3;66212;49700; 45.7;37700; 141.8; 69.6; 13.4; 96.1; 164.3; 589.8; 71.9;2.1; 57.3;22994; 307.7; 339.1
09362; Regensburg;16.9%;14.5%;10.2%;33.7%;24.4%;17.2%;37.2%;7.4%;3.4%; 1491.3;60.8%; 100.4;30.2%;92.7%; 1893.3; 31.7;85263;72900; 41.4;43000; 91.5; 84.5; 18.6; 93.8; 182.7; 584.3; 72.3;7.5; 56.3;22942; 478.1; 520.5
09363; Weiden i.d.OPf.;12.8%;15.0%;8.4%;24.4%;28.9%;23.3%;37.4%;3.5%;5.2%; 1519.0;61.6%; 100.5;21.8%;94.5%; 605.7; 52.3;56544;28500; 45.3;36300; 134.4; 73.2; 16.6; 85.6; 218.8; 611.1; 74.2;1.8; 22.1;21968; 251.8; 280.5
09371; Amberg-Sulzbach, Landkreis;6.4%;15.9%;7.6%;22.8%;32.2%;21.4%;12.8%;5.0%;2.3%; 602.9;64.9%; 34.5;25.5%;95.3%; 82.1; -5.8;69744;44200; 45.2;37200; 114.0; 60.1; 1.9; 92.5; 151.0; 670.3; 60.7;2.9; 41.5;22839; -190.9; -188.1
09372; Cham, Landkreis;6.2%;15.8%;7.7%;23.7%;31.2%;21.7%;22.7%;3.8%;2.5%; 896.6;64.3%; 39.0;21.4%;92.0%; 83.8; 9.1;62275;36200; 45.0;37200; 114.1; 65.9; 5.4; 101.1; 206.8; 678.9; 62.3;15.0; 34.6;22364; -55.8; 6.5
09373; Neumarkt i.d.OPf., Landkreis;9.2%;17.0%;8.0%;24.6%;31.0%;19.3%;25.9%;2.5%;1.7%; 769.3;65.5%; 27.0;22.6%;93.4%; 100.1; 75.5;76810;38900; 43.6;41400; 99.4; 71.8; 4.0; 102.1; 171.5; 652.2; 60.8;3.2; 25.3;24100; -21.6; -30.2
09374; Neustadt a.d.Waldnaab, Landkreis;5.2%;16.1%;7.5%;23.1%;31.9%;21.3%;20.3%;6.8%;2.8%; 670.3;63.6%; 27.1;25.4%;98.7%; 66.2; 10.4;72448;39800; 44.9;36800; 112.2; 62.4; 2.0; 91.3; 195.6; 678.0; 64.5;2.7; 44.7;22820; -248.2; -179.7
09375; Regensburg, Landkreis;8.9%;17.3%;7.4%;24.3%;31.3%;19.7%;18.7%;4.1%;1.9%; 540.8;65.4%; 17.2;22.7%;93.4%; 139.5; 25.7;71218;53500; 43.8;45200; 94.2; 78.3; 1.3; 91.4; 142.6; 641.6; 57.3;2.1; 49.7;23903; -78.2; -178.9
09376; Schwandorf, Landkreis;8.7%;16.1%;7.7%;24.5%;30.9%;20.7%;26.6%;3.7%;2.8%; 810.3;65.7%; 43.1;23.0%;90.3%; 101.4; 46.3;69495;39100; 44.5;36800; 112.1; 73.7; 3.7; 89.7; 180.1; 667.9; 64.0;2.6; 53.8;22172; 14.7; 63.3
09377; Tirschenreuth, Landkreis;4.6%;15.2%;7.3%;22.5%;31.9%;23.1%;16.5%;4.7%;3.0%; 773.2;63.5%; 31.9;31.2%;95.7%; 66.4; -63.4;71569;39000; 46.0;35300; 141.1; 65.9; 4.0; 91.3; 184.9; 666.0; 69.1;5.6; 58.7;22355; -153.5; -157.6
09461; Bamberg;14.8%;14.5%;9.5%;30.9%;25.6%;19.4%;51.5%;3.6%;3.8%; 1460.3;55.5%; 131.8;26.8%;86.5%; 1416.6; -28.3;62356;44900; 42.7;39900; 107.6; 87.0; 13.2; 99.0; 157.5; 520.1; 70.3;9.7; 82.8;21878; 241.4; 291.7
09462; Bayreuth;12.8%;12.9%;13.6%;26.9%;25.1%;21.5%;46.8%;7.4%;4.2%; 1331.3;54.4%; 132.5;35.7%;93.5%; 1118.0; 16.9;71911;42300; 43.5;36800; 119.2; 68.9; 18.6; 89.9; 167.0; 524.9; 78.3;5.9; 35.6;21437; 234.0; 324.1
09463; Coburg;11.4%;14.1%;8.5%;25.1%;28.6%;23.6%;40.1%;7.5%;4.9%; 1570.6;63.9%; 88.4;41.7%;101.6%; 850.5; -43.0;88589;51700; 45.7;40700; 129.5; 63.4; 12.4; 88.6; 182.9; 602.9; 71.3;3.3; 36.8;25464; 237.5; 159.2
09464; Hof;17.8%;15.8%;8.3%;23.6%;28.2%;24.2%;35.9%;12.8%;5.6%; 1187.8;60.3%; 90.0;29.9%;89.8%; 789.8; -22.9;56156;35400; 45.4;32900; 133.4; 63.0; 10.0; 91.6; 221.6; 544.9; 79.2;3.5; 47.6;20573; 164.6; 142.1
09471; Bamberg, Landkreis;5.2%;17.0%;7.3%;24.3%;32.0%;19.4%;0.0%;6.8%;2.1%; 552.0;66.6%; 16.6;37.1%;96.7%; 126.0; 5.2;70196;41700; 43.9;39800; 106.8; 72.9; 2.1; 85.7; 166.6; 676.9; 58.4;2.6; 44.0;22630; -114.7; -131.6
09472; Bayreuth, Landkreis;3.8%;15.9%;6.9%;22.1%;32.5%;22.7%;13.4%;3.1%;2.6%; 521.5;65.4%; 14.2;36.0%;95.7%; 81.4; 0.8;64346;44500; 45.9;37700; 116.2; 61.8; 1.1; 91.6; 168.0; 679.2; 65.0;7.2; 37.8;22594; -188.5; -187.5
09473; Coburg, Landkreis;5.5%;15.6%;6.7%;22.4%;31.9%;23.4%;15.9%;7.8%;3.1%; 668.3;68.7%; 16.3;43.3%;93.9%; 146.9; -18.3;63391;36400; 46.2;40600; 121.2; 59.0; 1.1; 80.8; 162.6; 664.9; 54.0;3.7; 49.4;26839; -217.5; -243.9
09474; Forchheim, Landkreis;6.9%;16.8%;7.3%;23.7%;31.6%;20.7%;27.3%;7.2%;2.4%; 602.8;66.4%; 26.4;34.6%;95.7%; 180.8; 9.0;76769;54400; 44.6;43100; 99.1; 67.9; 2.7; 98.5; 147.4; 661.2; 49.7;3.2; 37.6;24301; -181.3; -229.4
09475; Hof, Landkreis;6.0%;14.5%;6.7%;20.4%;32.4%;26.0%;13.4%;6.4%;2.9%; 852.7;63.7%; 18.7;34.8%;91.7%; 106.2; -53.7;67067;39600; 47.8;33900; 139.8; 56.5; 6.4; 84.1; 183.6; 658.7; 65.9;5.4; 19.4;22324; -221.8; -247.9
09476; Kronach, Landkreis;5.1%;14.0%;6.7%;21.4%;33.4%;24.5%;28.0%;6.6%;3.2%; 802.7;66.5%; 26.8;37.6%;95.8%; 102.4; -58.6;63850;35000; 47.4;34600; 133.3; 51.2; 4.2; 112.3; 213.4; 669.1; 55.6;2.9; 27.0;23410; -51.3; -118.7
09477; Kulmbach, Landkreis;5.3%;14.5%;6.9%;21.5%;32.7%;24.4%;29.8%;8.1%;3.3%; 823.4;66.7%; 32.2;41.2%;97.4%; 108.7; -38.9;66883;41200; 47.0;36100; 131.6; 59.3; 8.0; 103.8; 189.8; 680.2; 55.4;3.5; 43.8;23884; -126.5; -85.2
09478; Lichtenfels, Landkreis;6.1%;15.3%;7.1%;22.8%;31.9%;22.9%;26.8%;7.0%;3.4%; 864.4;67.4%; 27.0;37.2%;96.1%; 128.4; -9.3;62633;36600; 46.0;39900; 125.0; 53.6; 11.5; 93.8; 190.6; 657.5; 72.1;9.5; 46.3;22334; 91.9; -64.3
09479; Wunsiedel i.Fichtelgebirge, Landkreis;8.8%;14.6%;6.8%;20.6%;31.6%;26.5%;31.0%;10.9%;4.3%; 876.3;62.5%; 40.3;35.4%;91.5%; 119.8; -71.7;62922;38300; 47.7;33900; 158.1; 62.0; 5.6; 76.9; 189.0; 636.6; 57.1;5.3; 74.4;22616; -68.8; -241.1
09561; Ansbach;14.6%;16.7%;8.2%;25.1%;28.5%;21.5%;38.0%;3.4%;3.6%; 1381.1;63.9%; 147.3;24.1%;89.3%; 418.4; -11.7;65972;48300; 44.1;38000; 128.2; 76.8; 29.4; 80.6; 176.1; 600.6; 83.4;2.8; 46.0;21757; -117.9; 201.2
09562; Erlangen;18.7%;15.7%;10.5%;31.2%;25.0%;17.7%;43.5%;4.3%;3.5%; 1415.6;62.8%; 101.9;40.9%;95.2%; 1462.2; 50.4;92035;73600; 41.4;46600; 97.4; 75.4; 19.8; 82.5; 148.4; 490.0; 59.3;4.5; 36.0;24832; 578.0; 546.6
09563; Fürth;19.6%;16.2%;7.8%;28.4%;29.1%;18.4%;27.2%;8.1%;4.8%; 734.7;65.8%; 43.2;27.5%;87.2%; 2028.4; 58.5;72319;52000; 43.0;40200; 106.2; 89.3; 6.7; 76.6; 142.4; 489.1; 58.1;2.8; 75.5;24420; 255.6; 350.7
09564; Nürnberg;23.3%;16.0%;8.1%;29.2%;26.5%;20.1%;28.8%;9.0%;5.2%; 1162.0;64.8%; 60.3;29.7%;88.3%; 2780.2; 0.1;76836;58700; 43.2;38600; 112.8; 80.7; 6.9; 80.6; 142.6; 472.3; 57.2;6.9; 83.1;22663; 373.1; 370.1
09565; Schwabach;13.3%;17.0%;7.3%;23.9%;30.0%;21.8%;33.4%;5.2%;3.2%; 864.4;65.1%; 43.6;25.0%;86.9%; 1004.4; 46.2;66360;37900; 44.6;44000; 116.4; 84.4; 4.2; 91.7; 134.6; 634.6; 54.7;2.0; 44.6;26366; -130.0; 67.7
09571; Ansbach, Landkreis;8.8%;17.1%;7.8%;24.0%;30.8%;20.3%;19.2%;7.6%;2.2%; 698.6;66.4%; 24.7;34.9%;95.2%; 93.6; 34.8;66965;37500; 44.0;38900; 112.0; 65.2; 0.8; 99.0; 165.3; 664.4; 53.7;7.1; 16.2;23514; -42.8; -48.0
09572; Erlangen-Höchstadt, Landkreis;9.0%;17.8%;6.9%;23.9%;30.7%;20.7%;38.3%;4.6%;1.8%; 775.1;68.0%; 22.9;43.0%;96.9%; 243.1; 72.5;71746;48700; 44.1;49500; 98.8; 70.6; 1.0; 75.6; 126.5; 662.7; 47.0;3.3; 28.3;26217; -115.1; -87.2
09573; Fürth, Landkreis;7.4%;16.5%;6.7%;23.0%;30.7%;23.1%;35.6%;3.0%;2.5%; 492.2;66.9%; 20.4;32.6%;92.3%; 383.3; 39.6;74563;38000; 45.5;43400; 111.1; 88.3; 0.0; 87.2; 145.8; 644.0; 51.1;1.9; 44.0;25923; 33.1; -113.5
09574; Nürnberger Land, Landkreis;9.2%;16.5%;6.9%;23.0%;31.1%;22.5%;25.5%;8.3%;2.3%; 705.4;65.7%; 27.1;36.7%;97.7%; 213.6; 25.0;70427;46800; 45.3;43700; 108.2; 80.2; 5.7; 87.6; 136.6; 638.3; 50.0;2.0; 39.4;25753; -94.0; -190.2
09575; Neustadt a.d.Aisch-Bad Windsheim, Landkreis;8.7%;16.8%;7.5%;23.6%;31.0%;21.1%;27.3%;5.3%;1.8%; 732.7;66.6%; 26.2;34.4%;93.5%; 79.7; 64.6;62256;34000; 44.5;39100; 110.4; 72.9; 4.8; 96.9; 161.7; 655.0; 60.5;6.2; 27.7;23455; -88.0; -69.2
09576; Roth, Landkreis;7.3%;16.8%;7.4%;23.2%;31.5%;21.1%;29.5%;6.5%;2.0%; 678.2;65.6%; 29.9;30.8%;95.8%; 141.6; -16.5;66053;38000; 44.7;41900; 107.0; 87.7; 2.1; 105.8; 142.8; 669.2; 43.1;2.9; 50.9;24647; -159.7; -337.6
09577; Weißenburg-Gunzenhausen, Landkreis;9.7%;16.8%;7.4%;23.3%;30.5%;22.0%;24.0%;6.7%;2.9%; 755.5;64.8%; 31.3;29.5%;93.7%; 97.6; 36.1;64371;41400; 44.9;37200; 119.9; 80.8; 4.5; 90.9; 158.2; 646.3; 51.0;8.9; 18.9;23092; -86.7; -21.3
09661; Aschaffenburg;17.2%;15.9%;7.5%;27.0%;28.7%;20.9%;33.7%;5.0%;4.9%; 1322.0;63.2%; 77.6;28.4%;93.8%; 1136.9; 67.1;79566;55600; 44.1;42300; 115.2; 102.5; 13.5; 97.7; 186.7; 634.5; 52.1;3.1; 37.0;24925; 333.1; 454.0
09662; Schweinfurt;18.9%;16.1%;8.6%;24.9%;26.6%;23.8%;37.0%;7.3%;6.1%; 1942.1;60.9%; 89.0;26.2%;89.9%; 1496.5; -112.8;85214;60700; 44.9;34200; 137.2; 80.4; 17.6; 85.9; 192.5; 521.1; 70.7;4.5; 36.0;20983; -59.1; -158.9
09663; Würzburg;12.2%;12.5%;12.6%;31.4%;23.4%;20.1%;40.3%;5.7%;3.4%; 1438.9;59.7%; 135.9;36.8%;94.1%; 1460.4; 4.2;63137;48500; 42.7;40000; 106.3; 73.0; 18.8; 87.3; 188.4; 499.8; 80.4;7.6; 50.2;24441; 505.2; 485.5
09671; Aschaffenburg, Landkreis;9.6%;16.3%;7.0%;23.1%;31.8%;21.8%;23.3%;3.6%;2.6%; 650.2;64.3%; 19.3;33.4%;94.7%; 249.2; -0.5;80189;46300; 45.2;43000; 104.0; 84.4; 0.2; 93.1; 162.0; 664.3; 40.4;2.9; 34.6;24601; -142.5; -154.6
09672; Bad Kissingen, Landkreis;5.9%;15.4%;6.9%;21.6%;31.3%;24.8%;29.2%;4.9%;3.0%; 834.7;64.7%; 71.1;37.1%;93.9%; 90.8; 1.6;61842;38700; 46.8;35900; 127.3; 57.7; 7.9; 86.4; 187.4; 671.1; 66.2;21.2; 34.9;23124; -91.8; -149.8
09673; Rhön-Grabfeld, Landkreis;5.3%;16.4%;7.3%;22.4%;31.4%;22.6%;23.1%;4.9%;2.5%; 841.5;65.6%; 29.4;42.7%;94.4%; 77.9; -6.9;72569;44100; 45.4;37100; 114.2; 61.6; 13.8; 97.9; 198.5; 671.2; 65.7;10.5; 40.0;23122; -43.9; -178.7
09674; Haßberge, Landkreis;4.6%;16.4%;7.4%;23.0%;32.0%;21.3%;24.7%;7.5%;2.6%; 741.2;65.4%; 26.7;37.7%;95.8%; 88.3; -25.4;64891;41500; 45.0;35300; 104.7; 61.3; 2.8; 104.7; 179.0; 676.0; 44.0;2.7; 36.9;22172; -214.1; -230.7
09675; Kitzingen, Landkreis;9.5%;16.4%;7.4%;24.4%;30.8%;21.0%;36.1%;6.7%;2.1%; 797.7;65.2%; 43.3;38.0%;96.8%; 133.2; 27.0;70021;40300; 44.5;38400; 103.9; 70.0; 2.7; 92.0; 175.3; 665.7; 57.4;8.1; 29.2;23695; -111.6; -110.6
09676; Miltenberg, Landkreis;11.4%;16.4%;7.5%;23.0%;31.5%;21.6%;25.9%;4.4%;2.8%; 729.7;64.3%; 28.1;33.0%;97.0%; 179.9; -1.0;73580;42600; 45.0;38400; 109.1; 75.3; 2.2; 119.0; 184.7; 648.5; 49.1;2.4; 51.7;23331; -88.1; -158.6
09677; Main-Spessart, Landkreis;7.3%;15.4%;6.9%;22.2%;32.0%;23.4%;26.5%;2.3%;1.8%; 782.1;67.2%; 45.6;40.0%;95.6%; 95.5; -16.4;72932;52300; 46.2;38700; 110.1; 66.8; 5.3; 90.1; 191.8; 667.0; 52.0;4.3; 37.2;23477; -273.9; -193.8
09678; Schweinfurt, Landkreis;6.5%;16.4%;7.1%;23.3%;31.1%;22.0%;0.0%;7.4%;2.3%; 509.8;66.5%; 23.9;38.7%;94.7%; 137.2; 29.4;67912;33000; 45.1;37700; 109.2; 71.8; 5.1; 88.1; 143.5; 672.3; 49.9;1.0; 42.3;22971; -43.0; 16.7
09679; Würzburg, Landkreis;6.5%;16.7%;7.3%;23.7%;30.6%;21.7%;10.5%;6.3%;1.9%; 563.6;64.4%; 22.2;44.1%;95.7%; 167.6; 28.9;80762;39700; 44.7;41700; 93.4; 72.6; 0.9; 85.1; 141.3; 647.5; 38.4;3.0; 42.3;24608; 43.5; -68.7
09761; Augsburg;22.4%;15.4%;9.2%;30.3%;25.7%;19.4%;32.6%;6.1%;4.9%; 991.9;61.8%; 68.8;24.8%;85.8%; 2019.5; 48.9;70719;63900; 42.7;36300; 106.5; 89.4; 10.0; 88.3; 169.5; 461.2; 56.4;2.9; 78.3;20008; 352.7; 447.9
09762; Kaufbeuren;16.3%;16.6%;7.6%;24.8%;28.3%;22.8%;31.4%;5.3%;3.9%; 928.0;64.9%; 59.9;18.8%;91.9%; 1109.4; 114.4;63974;38700; 44.8;36800; 130.0; 93.6; 14.1; 99.6; 151.5; 559.2; 58.7;1.9; 17.3;22837; 269.7; 195.8
09763; Kempten (Allgäu);16.6%;15.6%;8.9%;27.1%;26.3%;22.1%;24.1%;7.9%;3.2%; 1153.0;64.4%; 69.9;25.1%;92.7%; 1092.8; 35.3;75730;48300; 44.1;36500; 110.1; 86.2; 8.8; 96.2; 126.1; 562.6; 48.3;4.8; 36.1;22087; 285.0; 328.6
09764; Memmingen;19.5%;16.5%;7.5%;25.8%;28.4%;21.7%;24.4%;6.0%;3.2%; 1388.2;66.2%; 93.3;19.0%;90.4%; 629.0; 59.8;67868;46000; 44.4;43000; 116.0; 69.6; 12.5; 106.6; 158.3; 590.5; 50.4;4.3; 25.8;28711; 109.7; 163.2
09771; Aichach-Friedberg, Landkreis;8.8%;17.9%;7.6%;24.0%;30.4%;20.0%;17.6%;6.6%;2.1%; 630.5;64.7%; 32.1;23.2%;89.7%; 172.6; 79.0;64912;34800; 43.6;45200; 93.9; 90.1; 2.1; 86.0; 123.0; 637.1; 35.6;1.7; 22.2;25516; 26.6; -7.6
09772; Augsburg, Landkreis;10.1%;17.7%;7.4%;24.0%;30.3%;20.7%;21.1%;6.1%;2.4%; 669.6;64.5%; 29.4;26.7%;93.5%; 236.7; 76.6;69885;44300; 44.0;43700; 95.4; 95.6; 1.2; 101.6; 142.9; 645.7; 43.6;1.6; 30.7;25216; -17.6; -54.7
09773; Dillingen a.d.Donau, Landkreis;10.1%;17.2%;7.8%;24.0%;30.6%;20.4%;26.9%;7.2%;1.8%; 756.7;66.4%; 36.6;25.4%;92.1%; 121.9; 56.2;70295;44200; 44.0;40400; 106.3; 68.5; 3.3; 89.7; 158.1; 662.9; 62.0;2.8; 27.6;24652; -48.1; -52.3
09774; Günzburg, Landkreis;13.9%;17.2%;8.0%;24.9%;30.4%;19.5%;29.5%;8.0%;1.9%; 834.7;67.7%; 40.2;23.3%;92.6%; 166.6; 101.3;78379;41500; 43.5;39900; 98.5; 83.6; 8.4; 98.3; 146.5; 655.4; 49.1;7.4; 18.2;24101; 63.8; 142.6
09775; Neu-Ulm, Landkreis;15.3%;17.1%;8.0%;25.6%;28.9%;20.3%;23.9%;6.8%;2.2%; 794.1;67.0%; 28.7;24.1%;94.0%; 339.6; 57.5;75100;50100; 43.6;40800; 98.1; 81.4; 2.4; 88.5; 130.3; 620.0; 43.9;2.8; 46.0;24306; 192.8; 43.9
09776; Lindau (Bodensee), Landkreis;13.5%;16.4%;7.4%;23.2%;30.2%;22.7%;29.0%;6.3%;2.3%; 865.9;62.2%; 32.0;27.4%;94.2%; 253.5; 38.1;67962;46100; 45.3;42100; 109.4; 77.8; 7.5; 107.0; 141.9; 631.5; 62.6;24.7; 11.9;26660; 6.0; 26.9
09777; Ostallgäu, Landkreis;9.1%;17.6%;7.5%;23.7%;30.0%;21.3%;24.4%;3.3%;2.2%; 768.4;64.4%; 35.2;18.2%;91.2%; 101.2; 61.5;71138;49200; 44.1;39900; 104.5; 73.7; 3.8; 99.4; 125.3; 639.3; 38.9;25.9; 11.8;24476; -67.8; 15.1
09778; Unterallgäu, Landkreis;9.7%;17.2%;7.9%;23.9%;29.8%;21.2%;20.5%;2.9%;1.8%; 780.6;67.2%; 23.0;20.8%;93.3%; 118.2; 89.8;75272;47700; 44.1;41100; 104.4; 79.1; 3.0; 98.8; 133.9; 670.1; 49.3;7.6; 19.4;26751; 13.0; 86.5
09779; Donau-Ries, Landkreis;9.9%;17.1%;7.9%;24.7%;30.1%;20.2%;21.7%;4.4%;1.6%; 941.8;67.2%; 35.6;30.7%;93.8%; 105.0; 21.5;82355;51000; 43.8;41400; 100.1; 64.4; 4.0; 103.3; 135.7; 673.1; 42.4;3.0; 10.6;25271; -60.8; -257.2
09780; Oberallgäu, Landkreis;8.9%;16.4%;7.2%;23.2%;30.4%;22.9%;20.0%;2.9%;2.2%; 789.0;65.1%; 28.6;20.5%;92.1%; 102.1; 41.5;65076;45600; 45.3;39700; 105.8; 62.0; 3.0; 103.7; 107.7; 637.9; 42.5;40.1; 15.2;24632; 35.9; 27.4
10041; Saarbrücken, Regionalverband;15.1%;14.9%;8.0%;24.8%;29.1%;23.2%;36.0%;8.0%;8.8%; 1001.9;56.2%; 66.2;28.2%;89.0%; 799.9; -30.2;68898;51500; 45.4;35100; 132.3; 71.1; 7.8; 93.4; 188.5; 577.2; 61.0;2.0; 84.8;19609; 184.7; 250.4
10042; Merzig-Wadern, Landkreis;11.8%;15.2%;6.7%;22.6%;32.3%;23.2%;38.3%;4.6%;4.2%; 657.9;51.7%; 35.9;36.2%;100.2%; 185.5; -11.9;63491;41100; 46.3;34200; 130.6; 55.0; 4.6; 82.5; 210.9; 679.3; 78.1;6.0; 58.8;19194; -44.4; -62.3
10043; Neunkirchen, Landkreis;9.8%;14.5%;6.7%;22.4%;31.6%;24.7%;27.2%;10.2%;6.7%; 656.3;59.6%; 30.0;24.5%;79.6%; 526.1; -60.5;63519;46600; 47.0;34500; 147.2; 57.9; 5.2; 96.0; 200.4; 646.6; 63.5;1.8; 92.5;20126; -45.0; 7.1
10044; Saarlouis, Landkreis;10.4%;15.0%;6.8%;22.6%;31.3%;24.3%;33.0%;6.1%;4.8%; 790.4;59.9%; 36.9;28.6%;93.7%; 423.0; -45.3;67247;47200; 46.6;36100; 139.9; 66.6; 5.0; 92.6; 204.1; 676.1; 48.0;1.3; 63.1;21035; -17.6; -115.8
10045; Saarpfalz-Kreis;9.4%;14.5%;7.0%;21.9%;31.3%;25.3%;37.6%;6.6%;4.8%; 936.5;61.2%; 65.4;32.9%;97.3%; 340.0; -30.5;67094;50700; 47.2;39400; 139.7; 67.7; 10.4; 82.9; 176.5; 680.7; 51.4;3.0; 76.7;22721; 22.3; -5.4
10046; St. Wendel, Landkreis;5.5%;14.1%;6.3%;21.6%;32.8%;25.2%;31.8%;7.2%;3.3%; 682.7;60.5%; 34.2;36.2%;96.2%; 182.8; -44.7;66524;39200; 47.6;37200; 137.4; 62.7; 2.8; 114.3; 211.8; 699.0; 55.5;11.5; 49.7;21426; -246.4; -185.7
11000; Berlin;19.2%;16.5%;7.2%;31.2%;25.9%;19.2%;44.4%;8.9%;7.8%; 828.7;56.7%; 47.2;44.9%;92.0%; 4117.8; 67.4;71433;52400; 42.6;35100; 95.0; 108.8; 5.7; 77.0; 195.4; 332.2; 50.6;9.3; 84.7;20330; 624.1; 583.6
12051; Brandenburg an der Havel, Kreisfreie Stadt;5.7%;14.3%;5.5%;24.0%;28.4%;27.7%;38.7%;8.3%;8.1%; 906.5;63.2%; 51.1;60.7%;101.2%; 314.2; 8.3;55017;46000; 48.0;29400; 157.4; 54.3; 12.6; 81.8; 173.3; 474.8; 46.1;3.5; 63.7;18224; 366.8; 328.6
12052; Cottbus, Kreisfreie Stadt;8.7%;14.5%;6.6%;24.6%;28.2%;26.1%;49.4%;6.9%;7.6%; 1000.9;59.7%; 81.1;54.5%;96.1%; 601.8; -54.1;56291;47800; 46.9;30700; 127.3; 51.5; 11.8; 84.0; 172.4; 484.2; 53.7;2.8; 63.1;20236; 84.1; 120.5
12053; Frankfurt (Oder), Kreisfreie Stadt;11.3%;14.4%;7.1%;22.7%;29.4%;26.4%;43.6%;7.8%;7.9%; 1065.2;59.5%; 91.5;62.0%;98.3%; 390.6; -21.1;55360;31300; 47.4;29300; 132.3; 51.0; 16.3; 91.3; 200.5; 485.9; 62.2;2.6; 80.3;18021; 41.7; 311.1
12054; Potsdam, Kreisfreie Stadt;8.9%;17.7%;7.1%;29.9%;25.5%;19.8%;55.8%;5.1%;5.4%; 990.6;62.1%; 104.2;56.8%;99.0%; 958.0; 125.3;63815;33300; 42.7;39000; 99.8; 77.6; 9.1; 69.1; 191.1; 421.0; 53.3;7.5; 47.0;20226; 623.4; 546.3
12060; Barnim, Landkreis;4.6%;16.4%;5.0%;22.6%;32.1%;23.9%;37.6%;6.4%;5.1%; 592.2;64.9%; 44.1;58.2%;93.9%; 125.2; 135.0;58895;31900; 46.7;35600; 118.4; 66.0; 6.5; 78.6; 284.4; 568.6; 62.6;5.1; 52.2;20474; 259.9; 152.9
12061; Dahme-Spreewald, Landkreis;4.8%;16.0%;5.2%;22.5%;32.0%;24.3%;44.1%;5.4%;3.7%; 739.3;66.2%; 41.8;57.6%;95.7%; 75.1; 101.5;72495;33300; 46.9;35900; 120.1; 83.5; 6.1; 79.9; 191.4; 602.2; 44.0;11.2; 38.6;20889; 106.4; 169.9
12062; Elbe-Elster, Landkreis;3.0%;14.2%;4.1%;19.6%;33.5%;28.6%;33.0%;7.2%;6.0%; 719.9;64.4%; 58.3;58.9%;94.2%; 53.6; -79.3;57753;29900; 49.7;28800; 155.6; 38.3; 4.5; 74.9; 217.8; 618.6; 41.5;2.3; 14.1;18921; -258.5; -424.2
12063; Havelland, Landkreis;4.7%;16.7%;5.7%;21.8%;33.0%;22.8%;48.4%;5.3%;5.2%; 570.7;63.8%; 30.6;55.5%;92.7%; 94.4; 66.9;56341;30200; 46.1;36800; 117.6; 67.0; 3.0; 81.6; 193.8; 569.5; 40.8;1.6; 43.7;20292; -126.7; -254.5
12064; Märkisch-Oderland, Landkreis;3.4%;16.1%;4.5%;21.8%;33.3%;24.3%;31.6%;8.9%;5.4%; 569.6;63.1%; 38.5;58.6%;96.1%; 90.7; 73.0;58459;35600; 47.4;35000; 123.3; 69.6; 3.5; 82.1; 243.5; 592.6; 52.1;4.0; 33.2;20360; 10.3; -100.2
12065; Oberhavel, Landkreis;4.1%;16.5%;5.4%;22.0%;32.9%;23.2%;40.7%;7.0%;4.9%; 586.2;63.9%; 40.7;57.5%;94.8%; 117.8; 78.5;71529;47700; 46.5;37500; 111.6; 69.6; 5.4; 77.0; 228.3; 570.2; 47.3;2.4; 61.6;21296; -23.9; -71.3
12066; Oberspreewald-Lausitz, Landkreis;3.5%;14.0%;4.4%;20.4%;32.0%;29.2%;25.8%;9.9%;7.5%; 753.7;64.9%; 34.8;60.4%;98.3%; 89.4; -100.5;60923;39700; 49.6;29500; 149.9; 37.4; 4.6; 86.7; 182.0; 593.4; 47.8;7.7; 56.7;19507; -300.9; -106.9
12067; Oder-Spree, Landkreis;4.2%;15.3%;4.7%;20.7%;32.3%;27.0%;35.5%;9.0%;6.1%; 668.9;64.5%; 39.5;55.6%;96.1%; 79.2; 8.1;63112;37900; 48.4;33700; 137.3; 59.9; 7.7; 84.8; 232.7; 594.2; 43.1;7.6; 25.2;20266; -133.1; -329.2
12068; Ostprignitz-Ruppin, Landkreis;3.7%;14.9%;4.9%;21.0%;33.1%;26.1%;32.8%;10.4%;6.2%; 760.0;62.4%; 49.7;57.5%;97.6%; 39.1; -21.9;54846;30300; 48.2;29900; 143.2; 51.7; 11.5; 89.3; 290.9; 582.8; 54.4;11.3; 38.9;18888; -7.9; -36.7
12069; Potsdam-Mittelmark, Landkreis;4.5%;17.3%;5.1%;21.2%;33.6%;22.8%;51.0%;4.3%;4.0%; 654.9;63.7%; 42.3;60.4%;97.0%; 83.6; 88.2;60087;34700; 46.3;42600; 108.7; 72.6; 3.3; 74.0; 174.0; 588.4; 48.7;5.9; 41.0;22715; -219.7; -111.0
12070; Prignitz, Landkreis;4.4%;13.8%;4.8%;19.6%;33.1%;28.6%;32.9%;14.4%;7.3%; 751.7;63.2%; 37.5;56.7%;96.3%; 35.6; -45.9;59793;32700; 49.6;29200; 164.3; 50.3; 4.7; 83.0; 295.4; 590.4; 62.9;3.7; 50.7;19258; -150.5; -115.4
12071; Spree-Neiße, Landkreis;3.5%;14.2%;4.0%;18.8%;34.5%;28.5%;31.3%;9.9%;6.3%; 659.3;63.8%; 32.4;64.8%;94.1%; 68.6; -62.2;81560;37400; 49.9;31700; 153.6; 53.6; 4.3; 88.6; 169.3; 616.4; 42.5;7.1; 47.1;20157; -310.0; -401.7
12072; Teltow-Fläming, Landkreis;5.8%;16.5%;5.5%;23.5%;31.9%;22.6%;32.3%;8.0%;4.3%; 744.5;67.0%; 34.4;53.6%;89.9%; 80.8; 100.6;80056;48400; 45.9;34100; 118.7; 103.9; 3.0; 80.8; 205.9; 601.4; 53.7;3.6; 46.4;20012; 178.0; 81.5
12073; Uckermark, Landkreis;4.3%;14.5%;4.6%;19.6%;33.0%;28.3%;30.4%;10.4%;10.8%; 714.5;59.8%; 41.4;55.0%;94.4%; 38.7; -50.7;70716;41400; 49.3;30000; 142.4; 47.6; 6.1; 89.9; 302.4; 569.1; 44.0;8.6; 49.2;18436; -179.2; -191.9
13003; Kreisfreie Stadt Rostock, Hansestadt;6.6%;14.1%;8.8%;28.1%;24.8%;24.2%;48.1%;11.1%;6.8%; 884.1;60.5%; 65.3;61.3%;103.7%; 1153.5; 14.6;66735;40600; 45.1;30700; 120.8; 61.9; 7.3; 70.0; 190.2; 404.3; 55.9;10.9; 18.6;18420; 422.7; 466.2
13004; Kreisfreie Stadt Schwerin, Landeshauptstadt;9.4%;15.9%;6.6%;24.5%;27.0%;26.0%;40.4%;11.4%;8.6%; 1126.5;61.0%; 90.7;55.4%;95.9%; 732.9; -17.2;56302;34300; 46.4;32500; 137.0; 57.0; 14.8; 74.9; 221.1; 455.7; 68.0;3.8; 53.3;19155; -66.9; 56.1
13071; Landkreis Mecklenburgische Seenplatte;3.2%;15.1%;4.9%;21.0%;32.4%;26.5%;36.4%;9.0%;8.7%; 768.1;61.1%; 41.3;58.0%;95.9%; 47.0; -40.8;57512;31800; 48.2;30800; 144.0; 47.4; 6.3; 89.9; 234.0; 553.0; 59.1;14.9; 64.7;18961; -133.8; -194.5
13072; Landkreis Rostock;3.3%;16.5%;4.3%;21.8%;33.1%;24.3%;31.9%;9.5%;5.3%; 687.2;62.3%; 40.8;56.0%;90.0%; 62.9; 31.6;57904;28100; 47.1;34700; 126.5; 67.1; 3.7; 81.8; 241.4; 576.4; 64.6;25.2; 31.4;20262; -158.2; -238.7
13073; Landkreis Vorpommern-Rügen;4.3%;14.6%;5.0%;21.6%;32.2%;26.6%;28.9%;6.5%;8.1%; 715.3;61.0%; 45.5;58.1%;95.5%; 69.9; 0.8;53253;31300; 48.3;30200; 139.5; 65.2; 5.0; 77.3; 274.2; 539.8; 56.4;50.4; 31.4;19225; 15.7; 23.2
13074; Landkreis Nordwestmecklenburg;3.7%;15.8%;5.3%;22.9%;31.8%;24.1%;34.0%;8.5%;5.8%; 622.7;63.8%; 30.2;57.4%;96.4%; 74.0; 37.8;58415;40100; 46.7;32800; 121.2; 55.7; 3.8; 84.8; 223.3; 567.7; 57.8;16.7; 45.3;19343; -106.9; -7.8
13075; Landkreis Vorpommern-Greifswald;4.4%;14.8%;5.9%;22.5%;31.0%;25.7%;33.2%;10.1%;8.6%; 731.1;58.8%; 49.3;59.0%;97.2%; 59.7; -45.5;54217;31400; 47.5;30000; 152.2; 48.7; 9.4; 81.6; 243.6; 525.9; 65.6;30.0; 48.5;18207; 19.0; -25.5
13076; Landkreis Ludwigslust-Parchim;5.1%;15.6%;4.7%;21.8%;33.5%;24.4%;33.4%;8.7%;5.3%; 643.1;65.5%; 35.0;54.5%;91.9%; 44.4; -39.5;58919;31600; 47.4;32500; 131.1; 49.5; 4.5; 86.0; 228.5; 596.2; 61.3;5.5; 53.6;20105; -104.9; -279.6
14511; Chemnitz, Stadt;8.5%;15.2%;6.5%;25.1%;25.1%;28.1%;34.9%;11.2%;6.5%; 1008.6;63.3%; 52.5;46.5%;92.4%; 1114.4; -36.6;58105;39100; 46.8;30900; 142.6; 63.8; 9.5; 79.8; 187.6; 506.9; 54.7;2.1; 54.6;19999; 209.4; 204.7
14521; Erzgebirgskreis;2.1%;15.4%;4.6%;20.0%;30.0%;30.0%;28.3%;7.6%;4.4%; 786.5;68.0%; 31.8;48.9%;94.8%; 183.2; -81.7;51833;30200; 49.1;30100; 154.2; 42.8; 6.0; 90.4; 206.2; 598.5; 53.0;5.8; 50.7;20053; -238.7; -213.6
14522; Mittelsachsen, Landkreis;3.5%;15.2%;5.0%;21.0%;30.2%;28.5%;28.8%;9.4%;4.8%; 777.5;67.3%; 31.0;55.0%;95.2%; 143.7; -68.4;58179;33500; 48.5;30900; 144.4; 45.8; 4.3; 89.0; 182.2; 585.0; 53.9;2.1; 43.2;20251; -207.2; -89.3
14523; Vogtlandkreis;3.8%;14.4%;4.7%;19.9%;30.6%;30.4%;30.0%;7.6%;4.8%; 803.0;66.9%; 36.4;49.6%;93.6%; 160.0; -79.3;53846;30400; 49.7;29900; 164.6; 50.2; 7.5; 79.9; 154.0; 600.2; 53.6;6.3; 38.3;20110; -190.3; -140.8
14524; Zwickau, Landkreis;3.5%;14.8%;5.0%;20.5%;30.1%;29.6%;32.6%;10.4%;4.5%; 856.6;68.5%; 29.2;51.7%;95.2%; 331.7; -80.0;62927;41100; 49.1;32200; 160.9; 45.3; 6.3; 76.6; 182.9; 582.6; 56.8;1.8; 40.5;20762; -113.4; -174.8
14612; Dresden, Stadt;8.0%;16.9%;8.5%;29.7%;22.9%;22.0%;43.0%;7.5%;5.6%; 954.8;64.9%; 68.1;54.2%;97.3%; 1695.0; 38.3;64931;44700; 43.0;33700; 100.1; 71.2; 7.0; 76.7; 183.5; 408.0; 55.0;8.5; 72.4;19514; 413.3; 437.3
14625; Bautzen, Landkreis;2.3%;16.1%;4.3%;20.6%;31.2%;27.8%;31.7%;6.8%;5.0%; 814.7;67.4%; 37.8;55.8%;96.3%; 125.1; -37.4;54163;34000; 48.4;31600; 141.1; 40.0; 5.6; 85.1; 219.2; 597.3; 53.2;2.7; 43.6;20175; -267.3; -227.5
14626; Görlitz, Landkreis;4.6%;15.0%;4.8%;19.3%;30.8%;30.1%;28.4%;9.1%;7.8%; 777.2;62.6%; 43.4;51.6%;93.7%; 119.7; -85.5;57914;32800; 49.5;28500; 158.3; 99.2; 7.1; 86.8; 232.6; 560.7; 56.1;4.8; 25.1;18953; -318.0; -341.5
14627; Meißen, Landkreis;3.2%;16.2%;4.4%;20.8%;30.7%;27.9%;30.6%;6.1%;5.3%; 797.0;67.4%; 32.5;54.7%;95.3%; 166.2; -18.5;59718;37100; 48.3;34300; 138.0; 51.9; 4.9; 84.3; 206.1; 564.5; 49.8;3.2; 51.2;20970; -128.6; -208.5
14628; Sächsische Schweiz-Osterzgebirge, Landkreis;2.9%;16.8%;4.6%;21.2%;29.7%;27.8%;29.3%;9.4%;4.5%; 716.6;68.5%; 31.8;55.0%;94.3%; 148.5; -1.0;55194;33300; 47.8;32500; 137.1; 56.7; 5.2; 77.8; 199.3; 575.9; 58.4;11.5; 43.3;20575; -121.5; -238.2
14713; Leipzig, Stadt;9.7%;16.0%;8.8%;32.2%;22.5%;20.4%;38.9%;10.8%;6.3%; 887.3;62.4%; 41.5;51.2%;93.7%; 1991.8; 89.6;61629;50600; 42.3;31200; 105.8; 88.9; 6.9; 72.0; 190.6; 386.7; 61.1;6.1; 86.6;18379; 649.7; 712.1
14729; Leipzig, Landkreis;2.5%;16.1%;4.4%;20.9%;31.8%;26.8%;32.7%;6.5%;5.0%; 660.1;67.2%; 29.1;57.8%;94.7%; 156.3; 14.6;65048;34000; 48.0;35500; 135.7; 54.5; 4.4; 77.4; 180.3; 589.0; 50.4;3.5; 55.5;21339; -175.8; -230.8
14730; Nordsachsen, Landkreis;4.1%;15.8%;4.6%;21.6%;32.0%;26.0%;30.3%;10.5%;6.2%; 768.0;67.5%; 41.4;56.4%;91.9%; 97.5; 3.4;57918;34700; 47.8;31800; 138.5; 50.1; 7.2; 85.8; 203.2; 579.1; 57.9;4.0; 54.7;20021; -63.2; -186.4
15001; Dessau-Roßlau, Kreisfreie Stadt;5.7%;13.4%;4.8%;20.0%;29.9%;31.9%;35.6%;10.1%;7.7%; 905.1;64.5%; 89.2;58.3%;93.7%; 327.3; -140.6;59183;37700; 50.4;31900; 178.0; 39.9; 11.6; 72.2; 161.7; 518.6; 57.8;3.2; 80.7;19953; -78.7; -32.9
15002; Halle (Saale), Kreisfreie Stadt;9.8%;15.8%;9.3%;26.2%;24.4%;24.4%;35.5%;13.2%;8.2%; 835.1;58.4%; 64.1;49.3%;91.7%; 1768.2; -20.7;55805;37400; 44.5;29900; 117.1; 49.3; 12.4; 68.1; 197.9; 392.5; 56.4;1.9; 102.0;17883; 283.3; 372.2
15003; Magdeburg, Kreisfreie Stadt;9.8%;15.1%;8.3%;26.5%;25.5%;24.5%;36.8%;11.6%;8.3%; 924.2;62.5%; 75.4;57.6%;92.6%; 1181.9; -47.5;58221;35700; 45.1;31800; 129.3; 53.0; 9.9; 69.2; 159.2; 465.3; 63.3;3.1; 76.8;18842; 191.2; 356.6
15081; Altmarkkreis Salzwedel;3.6%;15.6%;5.0%;21.1%;33.5%;24.8%;26.0%;12.8%;6.4%; 673.6;67.0%; 50.6;57.3%;93.0%; 36.3; -70.9;55215;33100; 47.6;32000; 132.9; 47.7; 4.9; 88.2; 180.4; 603.1; 59.8;4.1; 38.2;20251; -227.2; -260.8
15082; Anhalt-Bitterfeld, Landkreis;3.9%;13.9%;4.8%;20.4%;32.6%;28.3%;26.5%;13.6%;7.1%; 722.4;63.3%; 31.2;59.7%;93.3%; 109.0; -85.9;65181;36100; 49.3;29900; 153.7; 50.6; 4.9; 80.5; 196.3; 578.7; 54.6;1.7; 50.8;19599; -155.9; -372.3
15083; Börde, Landkreis;3.3%;15.6%;4.6%;22.2%;33.3%;24.3%;27.9%;8.1%;5.1%; 680.1;67.8%; 31.4;61.4%;94.8%; 72.2; -47.3;68016;37100; 47.2;34800; 133.8; 47.1; 3.4; 77.8; 190.8; 611.8; 62.9;2.7; 86.0;20847; -218.0; -396.3
15084; Burgenlandkreis;5.5%;14.2%;4.6%;20.9%;32.0%;28.3%;31.5%;11.5%;6.5%; 680.7;66.8%; 43.5;59.8%;96.5%; 126.5; -74.9;60983;35200; 49.1;30200; 158.0; 41.9; 6.1; 75.2; 212.7; 565.0; 60.8;4.2; 65.4;19438; -44.3; -130.2
15085; Harz, Landkreis;3.3%;14.0%;5.0%;20.5%;31.9%;28.6%;30.9%;9.2%;5.3%; 715.4;65.3%; 39.9;59.5%;93.1%; 101.3; -53.1;55357;35300; 49.2;31400; 163.6; 43.0; 6.9; 83.8; 214.8; 571.6; 73.3;13.9; 69.2;19855; -110.7; 78.0
15086; Jerichower Land, Landkreis;3.6%;15.0%;4.5%;20.8%;33.5%;26.2%;25.1%;12.1%;6.9%; 674.6;64.6%; 56.0;61.8%;94.0%; 56.8; -37.8;62830;31600; 48.4;34000; 152.7; 52.1; 8.2; 78.9; 194.6; 603.9; 70.3;1.7; 103.6;20587; -230.4; -251.5
15087; Mansfeld-Südharz, Landkreis;3.0%;13.6%;4.4%;19.3%;32.5%;30.1%;21.0%;13.1%;9.4%; 651.5;61.9%; 35.0;60.4%;93.4%; 93.1; -96.4;54984;31000; 50.2;29400; 158.2; 42.6; 5.6; 85.2; 211.8; 585.7; 55.0;2.8; 80.5;19033; -168.9; -198.2
15088; Saalekreis;3.7%;15.4%;4.7%;21.4%;32.4%;26.1%;27.5%;7.8%;6.3%; 741.9;67.4%; 31.9;60.2%;94.6%; 128.2; -41.6;75433;43400; 47.8;33500; 134.3; 46.7; 3.4; 75.0; 181.2; 614.7; 39.0;2.4; 81.5;20626; -122.8; -202.3
15089; Salzlandkreis;3.4%;14.2%;5.0%;20.3%;32.2%;28.3%;24.8%;12.0%;8.3%; 694.2;62.7%; 38.2;61.2%;94.5%; 132.5; -75.6;62329;35100; 49.0;30500; 170.5; 37.8; 6.8; 80.4; 177.4; 551.6; 67.0;2.2; 79.4;19190; 54.1; -148.7
15090; Stendal, Landkreis;3.7%;14.9%;5.0%;20.5%;33.4%;26.1%;28.7%;13.8%;8.7%; 668.1;61.3%; 54.8;55.9%;93.7%; 45.9; -71.0;61924;30700; 48.2;30800; 147.9; 37.0; 8.8; 76.0; 191.1; 566.1; 63.6;2.6; 68.4;18991; -277.1; -258.3
15091; Wittenberg, Landkreis;3.6%;14.0%;4.4%;19.6%;32.8%;29.2%;27.4%;9.6%;6.2%; 706.7;67.2%; 32.0;62.4%;97.7%; 64.7; -70.7;61297;33300; 49.7;30500; 153.4; 39.8; 4.5; 74.5; 192.1; 597.6; 46.6;5.8; 55.4;20170; -248.3; -307.4
16051; Erfurt, krsfr. Stadt;8.5%;15.9%;7.9%;27.1%;26.4%;22.6%;38.6%;9.5%;5.7%; 1032.2;62.1%; 85.8;47.8%;95.1%; 792.8; 13.2;58761;40100; 44.3;33100; 108.6; 68.5; 8.0; 74.9; 214.0; 453.4; 58.6;4.3; 50.3;19265; 332.4; 417.7
16052; Gera, krsfr. Stadt;6.8%;14.5%;5.2%;21.2%;29.4%;29.7%;29.1%;13.8%;8.1%; 873.2;62.5%; 50.1;51.5%;93.4%; 611.9; -109.7;55456;30100; 49.0;29700; 152.3; 43.3; 10.3; 74.1; 196.3; 486.0; 51.2;1.9; 60.7;19676; -19.1; -160.4
16053; Jena, krsfr. Stadt;10.0%;15.6%;9.9%;31.0%;21.9%;21.5%;52.8%;4.8%;5.2%; 988.6;58.2%; 136.6;58.2%;101.1%; 970.1; -5.7;65004;51700; 42.6;37600; 102.4; 52.1; 12.7; 72.9; 177.7; 404.0; 56.1;3.3; 76.8;18650; 418.8; 431.1
16054; Suhl, krsfr. Stadt;8.2%;12.4%;5.4%;18.9%;30.6%;32.7%;27.5%;11.4%;5.0%; 1074.9;69.5%; 56.1;56.2%;84.6%; 259.8; 529.9;52355;32800; 50.8;31800; 157.8; 45.8; 14.4; 91.5; 192.4; 586.3; 49.6;7.5; 30.6;21405; 136.9; 328.9
16055; Weimar, krsfr. Stadt;9.2%;16.4%;8.0%;26.5%;25.9%;23.2%;48.4%;8.5%;5.6%; 831.9;58.0%; 71.2;56.9%;97.4%; 772.1; 21.2;57154;45100; 44.4;33400; 122.3; 67.1; 9.2; 80.8; 251.3; 446.7; 72.6;13.6; 39.6;19095; 426.6; 352.8
16056; Eisenach, krsfr. Stadt;8.8%;15.5%;5.8%;23.3%;29.4%;26.1%;38.3%;10.7%;6.4%; 1086.1;65.5%; 35.3;48.9%;89.9%; 405.6; -28.4;60057;45700; 47.1;32400; 148.0; 59.3; 9.3; 81.6; 232.1; 511.8; 64.5;8.7; 60.4;19570; 190.6; 186.5
16061; Eichsfeld, Kreis;3.7%;17.3%;5.1%;23.1%;30.2%;24.3%;38.4%;6.9%;3.9%; 745.9;67.7%; 30.3;50.7%;96.8%; 106.0; -37.3;57397;33000; 46.0;33700; 119.2; 44.1; 4.2; 94.2; 249.8; 596.7; 57.4;3.4; 44.6;19993; -341.6; -181.5
16062; Nordhausen, Kreis;4.6%;15.2%;6.3%;21.2%;30.5%;26.8%;26.4%;11.6%;7.0%; 764.0;63.3%; 33.8;53.4%;94.5%; 116.8; -48.6;57151;34400; 47.6;30800; 153.4; 42.2; 11.6; 85.4; 248.6; 562.2; 77.6;2.2; 25.4;18643; -176.9; 285.9
16063; Wartburgkreis;3.2%;15.2%;4.8%;21.5%;32.4%;26.0%;24.2%;8.2%;3.9%; 706.9;64.0%; 36.7;53.6%;98.0%; 93.9; -339.4;63744;36900; 47.9;33500; 132.1; 40.5; 4.3; 84.8; 207.4; 597.8; 43.3;6.5; 29.3;20872; -159.4; -106.1
16064; Unstrut-Hainich-Kreis;3.7%;16.3%;5.1%;21.6%;31.4%;25.7%;29.6%;12.0%;6.8%; 749.5;65.4%; 37.4;55.9%;96.4%; 104.4; -66.3;56098;31000; 47.2;31300; 138.0; 44.2; 12.4; 82.4; 267.7; 550.2; 68.1;4.1; 36.8;18980; -190.6; -284.9
16065; Kyffhäuserkreis;2.7%;14.5%;4.7%;20.3%;32.6%;27.9%;28.3%;9.5%;7.9%; 630.1;62.1%; 53.1;57.1%;95.1%; 71.5; -106.8;58094;32900; 48.9;30200; 156.5; 33.8; 6.1; 79.3; 255.5; 591.7; 61.0;4.8; 46.6;18539; -229.4; -272.7
16066; Schmalkalden-Meiningen, Kreis;4.0%;14.6%;5.2%;21.5%;31.9%;26.8%;30.0%;9.2%;4.0%; 788.5;69.5%; 41.1;57.2%;95.1%; 99.8; 205.1;56700;31700; 48.2;31600; 149.1; 47.8; 5.8; 88.4; 234.5; 621.6; 49.8;5.5; 35.8;20639; 56.4; 159.1
16067; Gotha, Kreis;6.6%;15.5%;5.5%;22.3%;31.2%;25.6%;34.6%;8.9%;5.1%; 770.6;67.4%; 44.1;53.3%;95.4%; 144.1; -40.2;59256;34700; 47.3;31800; 132.6; 42.2; 3.7; 73.2; 208.5; 559.1; 47.1;7.3; 62.8;19524; -141.3; -87.3
16068; Sömmerda, Kreis;3.0%;15.9%;4.7%;21.7%;32.5%;25.2%;28.5%;8.2%;5.5%; 691.7;62.8%; 29.6;58.7%;98.3%; 86.0; -32.8;58921;34300; 47.2;32000; 138.2; 41.8; 0.0; 70.6; 260.3; 577.0; 50.8;0.9; 45.3;19526; -118.8; -168.7
16069; Hildburghausen, Kreis;3.5%;14.8%;4.9%;22.5%;32.4%;25.4%;18.1%;7.7%;3.4%; 639.0;70.2%; 27.1;59.4%;95.6%; 67.3; -56.2;61877;31000; 47.7;31200; 150.1; 41.2; 7.9; 88.0; 231.2; 618.0; 64.7;6.2; 42.4;20506; -181.4; -33.3
16070; Ilm-Kreis;6.2%;14.9%;6.0%;23.0%;29.8%;26.2%;30.8%;10.4%;4.9%; 742.8;63.6%; 44.8;57.2%;93.6%; 132.0; -234.2;64125;34800; 47.2;31600; 131.2; 51.0; 5.2; 77.4; 188.6; 537.7; 48.0;3.4; 39.9;19527; -146.7; 125.9
16071; Weimarer Land, Kreis;4.1%;16.9%;4.9%;21.7%;32.1%;24.4%;26.1%;7.8%;4.0%; 660.8;67.4%; 25.4;55.7%;93.2%; 102.1; 25.5;63158;33400; 46.6;33400; 118.7; 51.6; 12.8; 74.9; 203.4; 586.3; 52.8;6.5; 52.9;19778; -47.4; -174.0
16072; Sonneberg, Kreis;5.4%;13.6%;5.0%;20.6%;32.5%;28.4%;30.0%;10.1%;3.8%; 818.8;70.4%; 25.9;58.1%;96.1%; 125.2; 262.0;60725;32500; 49.4;30600; 165.0; 42.4; 6.8; 79.2; 198.3; 618.8; 55.9;3.3; 50.8;20792; -261.4; -226.3
16073; Saalfeld-Rudolstadt, Kreis;2.8%;14.0%;4.6%;19.9%;32.0%;29.6%;35.1%;8.4%;5.3%; 742.3;64.6%; 29.3;55.1%;97.4%; 102.3; -304.5;60062;34300; 49.7;30200; 159.2; 43.9; 9.2; 86.1; 198.5; 566.1; 49.5;4.0; 29.8;20217; -101.0; -228.0
16074; Saale-Holzland-Kreis;3.6%;15.4%;5.1%;21.0%;32.1%;26.4%;28.6%;5.7%;4.1%; 675.0;67.2%; 30.1;61.4%;92.8%; 101.7; -12.2;55528;32300; 47.9;32200; 120.4; 41.2; 7.8; 82.7; 182.6; 593.9; 41.4;4.5; 41.2;19933; -135.4; -106.2
16075; Saale-Orla-Kreis;3.7%;14.8%;4.9%;20.5%;32.6%;27.3%;31.0%;7.1%;4.6%; 787.1;68.9%; 29.6;56.0%;98.3%; 69.8; -69.0;59192;31000; 48.6;29100; 147.4; 50.5; 1.5; 92.3; 176.5; 622.1; 38.6;4.2; 21.6;19911; -324.0; -160.5
16076; Greiz, Kreis;2.5%;14.2%;4.3%;18.7%;33.0%;29.9%;29.2%;9.2%;4.6%; 677.3;65.5%; 31.6;61.8%;95.8%; 115.1; -77.8;58795;30700; 50.2;30400; 158.4; 48.6; 4.1; 79.6; 178.9; 615.2; 52.1;1.4; 50.4;20469; -276.3; -410.3
16077; Altenburger Land, Kreis;3.7%;13.8%;4.4%;18.9%;32.0%;30.8%;32.8%;8.0%;7.1%; 684.4;64.6%; 33.1;54.1%;96.1%; 157.0; -80.8;56640;29100; 50.3;29700; 153.4; 36.4; 6.8; 78.3; 182.2; 569.6; 52.2;1.2; 46.6;19758; -272.0; -191.8
